Timestamp,Electric Demand (Student 032 > Electric Meter) [(kWh)],Outdoor Dew Point (Student 032 > Weather Station) [(deg. F)],Outdoor Temperature (Student 032 > Weather Station) [(deg. F)],Optimal Electric Demand kWh (Student 032 > Electric Meter) [(kWh)],Predicted Electric Demand kWh (Student 032 > Electric Meter) [(kWh)]
01/01/2016 00:00:00,88.1408,0.824,4.964,88.168,
01/01/2016 08:00:00,115.6305,0.3875,6.2375,112.37375,124.8988143
01/01/2016 16:00:00,124.8525,-2.11,12.92,131.10125,135.280825
01/02/2016 00:00:00,89.5145,-9.625,3.245,82.01,78.4783875
01/02/2016 08:00:00,73.631,-7.285,3.1325,73.0875,72.805175
01/02/2016 16:00:00,79.411,12.7625,24.89,72.77,72.3337625
01/03/2016 00:00:00,75.849,16.385,21.2225,66.66125,74.223325
01/03/2016 08:00:00,77.452,15.8675,19.5125,63.5025,70.208075
01/03/2016 16:00:00,76.5305,32.6525,34.385,62.6775,77.5855125
01/04/2016 00:00:00,72.452,39.47,40.0775,64.56375,72.7242
01/04/2016 08:00:00,108.7835,51.7775,52.0025,116.52375,117.88925
01/04/2016 16:00:00,137.277,43.745,48.92,130.1925,125.281625
01/05/2016 00:00:00,88.57,17.1275,29.6375,79.67375,69.619525
01/05/2016 08:00:00,128.0385,-4.6525,12.83,113.685,120.683775
01/05/2016 16:00:00,134.9295,-9.355,12.6275,131.67375,133.3919625
01/06/2016 00:00:00,76.3745,-9.6025,7.6325,85.6775,79.1397875
01/06/2016 08:00:00,116.5935,-5.395,9.5,112.1025,118.5917625
01/06/2016 16:00:00,136.7015,-0.715,21.0875,128.1775,135.49995
01/07/2016 00:00:00,91.4285,2.75,16.5425,81.4625,79.24405
01/07/2016 08:00:00,119.717,4.82,18.5225,113.33875,119.4726125
01/07/2016 16:00:00,137.845,6.9125,28.355,126.61125,137.4685625
01/08/2016 00:00:00,86.6485,9.5,17.0375,77.14875,80.1596875
01/08/2016 08:00:00,122.025,17.8925,22.145,112.7975,120.444175
01/08/2016 16:00:00,133.6925,29.7275,31.865,127.95125,138.4795
01/09/2016 00:00:00,82.224,33.125,34.1825,72.88125,79.197875
01/09/2016 08:00:00,75.715,42.1475,43.0475,71.9825,76.2537375
01/09/2016 16:00:00,64.1865,55.805,57.875,69.715,71.5470125
01/10/2016 00:00:00,63.955,52.4075,53.4875,60.2525,62.6935375
01/10/2016 08:00:00,66.974,34.2275,45.14,62.09625,66.584825
01/10/2016 16:00:00,71.999,25.4075,43.115,71.4125,73.0645
01/11/2016 00:00:00,85.832,22.865,34.25,73.42875,77.93985
01/11/2016 08:00:00,131.74,25.4075,34.2275,116.2175,120.8562125
01/11/2016 16:00:00,151.272,32.72,46.8725,135.435,151.847825
01/12/2016 00:00:00,75.192,43.88,48.47,77.8475,80.2435
01/12/2016 08:00:00,126.0395,43.9925,47.48,115.2725,127.633475
01/12/2016 16:00:00,137.1105,45.14,46.2425,128.25625,142.536125
01/13/2016 00:00:00,81.8605,40.28,43.52,75.34625,78.7265125
01/13/2016 08:00:00,138.2855,32.36,35.7575,114.345,115.75625
01/13/2016 16:00:00,208.4975,38.345,43.3625,128.92125,126.022675
01/14/2016 00:00:00,124.3035,36.7925,37.6475,73.4675,82.4921875
01/14/2016 08:00:00,189.0455,34.835,36.2075,113.555,114.8358875
01/14/2016 16:00:00,194.6085,36.005,41,126.92375,122.425
01/15/2016 00:00:00,109.679,35.7575,38.48,74.66,82.6128375
01/15/2016 08:00:00,182.992,31.0775,36.14,115.03625,118.74085
01/15/2016 16:00:00,208.355,23.36,41.1575,128.93125,138.5074875
01/16/2016 00:00:00,126.8425,27.6125,32.6525,74.1375,83.0541625
01/16/2016 08:00:00,128.5085,32.8775,35.4425,72.08875,76.4289125
01/16/2016 16:00:00,107.763,33.3725,35.4875,67.75,76.22135
01/17/2016 00:00:00,104.258,30.695,33.665,65.95375,73.8020625
01/17/2016 08:00:00,64.6395,23.09,30.11,67.7575,74.1304375
01/17/2016 16:00:00,71.8565,19.895,34.4075,71.71375,78.0351875
01/18/2016 00:00:00,77.7515,21.0875,33.4175,74.01375,79.9520375
01/18/2016 08:00:00,96.31,21.38,36.7475,117.78875,125.4846375
01/18/2016 16:00:00,91.885,23.27,42.125,130.39125,147.749825
01/19/2016 00:00:00,80.709,11.0075,29.0075,81.27625,85.17975
01/19/2016 08:00:00,115.7615,0.005,19.7375,113.13,117.427075
01/19/2016 16:00:00,137.4875,8.4425,14.855,131.605,139.562675
01/20/2016 00:00:00,75.916,7.0025,12.0425,81.62,82.0654375
01/20/2016 08:00:00,119.418,0.995,9.2525,113.73375,121.6790875
01/20/2016 16:00:00,134.874,-3.775,15.3725,129.93375,133.4041125
01/21/2016 00:00:00,82.8585,-6.9925,9.005,83.93625,79.6584375
01/21/2016 08:00:00,121.838,-6.88,5.99,112.52125,118.9347875
01/21/2016 16:00:00,130.4255,-3.64,18.14,128.8875,134.142675
01/22/2016 00:00:00,76.3745,-3.37,11.3675,82.58125,79.2679125
01/22/2016 08:00:00,114.2355,-6.295,8.8475,112.9275,118.7224375
01/22/2016 16:00:00,136.57,-5.7775,15.2825,130.015,134.2588
01/23/2016 00:00:00,88.5475,0.2525,13.3475,80.8525,77.5309125
01/23/2016 08:00:00,82.736,17.8925,27.8825,75.73375,70.795075
01/23/2016 16:00:00,70.534,24.62,35.15,72.73375,74.493275
01/24/2016 00:00:00,65.939,18.275,25.4975,68.735,77.3213625
01/24/2016 08:00:00,63.4845,2.0075,18.0275,70.6,76.9659375
01/24/2016 16:00:00,64.1725,1.9175,19.7375,70.89375,66.72825
01/25/2016 00:00:00,78.6045,12.875,21.1325,71.0975,74.7244125
01/25/2016 08:00:00,128.8645,29.7275,39.4925,117.78375,117.592575
01/25/2016 16:00:00,146.7865,22.505,38.8625,128.9575,142.83925
01/26/2016 00:00:00,91.1655,-5.5975,21.2675,83.0625,82.219625
01/26/2016 08:00:00,115.1445,-11.3125,14.3825,112.83125,115.8569375
01/26/2016 16:00:00,140.41,-10.2325,19.1075,128.48625,134.0214375
01/27/2016 00:00:00,79.081,-5.6425,16.925,83.7425,78.7548375
01/27/2016 08:00:00,129.293,8.465,14.63,112.19875,121.4071875
01/27/2016 16:00:00,150.11,1.13,22.5275,127.11625,133.8661625
01/28/2016 00:00:00,93.8125,-3.46,15.3725,82.2125,79.7193
01/28/2016 08:00:00,134.224,-0.085,14.585,113.6875,118.892025
01/28/2016 16:00:00,222.8475,8.3975,24.62,127.755,138.1549625
01/29/2016 00:00:00,136.1355,12.2675,18.635,77.705,80.2041125
01/29/2016 08:00:00,192.7815,18.725,29.615,115.2525,121.3512875
01/29/2016 16:00:00,217.162,13.73,40.2575,128.6675,140.9832875
01/30/2016 00:00:00,127.872,18.8825,35.15,78.5975,79.80555
01/30/2016 08:00:00,115.0795,19.715,36.005,78.15625,71.142225
01/30/2016 16:00:00,117.674,24.575,39.1325,73.74125,72.752175
01/31/2016 00:00:00,116.3405,32.99,36.14,67.09875,77.4749375
01/31/2016 08:00:00,111.6635,36.5225,39.0875,65.27875,71.9889
01/31/2016 16:00:00,110.6075,35.51,49.73,72.615,72.261925
02/01/2016 00:00:00,116.0965,32.1125,42.3725,71.45625,75.5187625
02/01/2016 08:00:00,142.395,29.525,36.2975,114.47375,116.5887375
02/01/2016 16:00:00,142.8415,28.58,31.1225,128.29,126.3401375
02/02/2016 00:00:00,86.1935,23.495,27.5225,76.9275,71.3366125
02/02/2016 08:00:00,128.363,16.6325,24.7325,114.08875,112.9731125
02/02/2016 16:00:00,150.659,20.12,31.37,127.49,138.9328125
02/03/2016 00:00:00,88.011,23.7875,27.3425,75.42125,80.4196
02/03/2016 08:00:00,128.172,26.33,28.895,112.47125,120.6049625
02/03/2016 16:00:00,137.0295,29.03,31.55,128.19625,139.191875
02/04/2016 00:00:00,84.261,21.6275,26.2175,77.12375,80.5995125
02/04/2016 08:00:00,129.873,15.5975,22.865,113.7975,120.9852125
02/04/2016 16:00:00,151.415,11.165,26.8925,127.0175,137.2513375
02/05/2016 00:00:00,88.1685,10.76,20.0975,78.50125,80.3623875
02/05/2016 08:00:00,132.904,7.475,18.275,114.1625,120.4378625
02/05/2016 16:00:00,149.9385,8.1725,28.85,126.81375,137.3807125
02/06/2016 00:00:00,94.7115,13.775,21.515,75.24875,78.8126625
02/06/2016 08:00:00,83.0235,3.9875,17.7575,75.21,72.1349125
02/06/2016 16:00:00,81.7615,4.2575,28.715,76.4925,73.8565625
02/07/2016 00:00:00,82.3445,4.8425,24.9125,74.5,75.4193375
02/07/2016 08:00:00,77.0225,8.8925,23.4725,71.175,71.2825125
02/07/2016 16:00:00,76.9035,18.41,30.11,70.25375,72.9267625
02/08/2016 00:00:00,80.899,20.39,24.98,68.29875,74.4691125
02/08/2016 08:00:00,134.3355,12.74,22.3475,115.28375,120.27985
02/08/2016 16:00:00,151.8855,5.7425,27.14,126.63125,136.5790125
02/09/2016 00:00:00,89.058,3.695,17.6,80.05,79.3684625
02/09/2016 08:00:00,129.498,4.1,15.6875,113.89875,119.9365875
02/09/2016 16:00:00,148.491,0.6575,23.09,128.07,135.8698625
02/10/2016 00:00:00,86.722,0.77,16.025,81.46875,79.4711125
02/10/2016 08:00:00,129.2635,-2.965,11.2325,113.715,119.2476625
02/10/2016 16:00:00,144.7665,6.395,22.7075,128.145,137.1851875
02/11/2016 00:00:00,87.2575,13.865,22.01,79.0675,79.3722
02/11/2016 08:00:00,129.802,24.35,27.275,112.46375,120.8635625
02/11/2016 16:00:00,132.6455,34.115,34.88,127.9975,137.8390125
02/12/2016 00:00:00,78.8325,33.6425,34.88,74.87625,78.974025
02/12/2016 08:00:00,122.66,28.8725,32.8775,113.83,121.0937
02/12/2016 16:00:00,147.895,23.765,36.77,126.1375,138.4563
02/13/2016 00:00:00,90.987,21.8525,30.4925,75.4775,78.8167625
02/13/2016 08:00:00,90.6415,22.6175,29.0075,73.48375,71.0589875
02/13/2016 16:00:00,90.102,27.005,31.6175,68.31625,76.2889125
02/14/2016 00:00:00,82.9355,25.0025,30.11,66.85125,75.209525
02/14/2016 08:00:00,83.3515,12.02,24.755,70.40875,77.316025
02/14/2016 16:00:00,83.8475,8.6225,29.9975,73.07,80.8726625
02/15/2016 00:00:00,87.597,7.6875,23.66375,75.215,75.3859375
02/15/2016 08:00:00,96.405,-3.3925,17.015,113.865,116.8823375
02/15/2016 16:00:00,106.5335,-2.8525,27.995,125.64625,135.216825
02/16/2016 00:00:00,88.309,-0.5125,15.755,79.8975,78.7707625
02/16/2016 08:00:00,127.809,9.9725,20.705,112.6875,118.8902625
02/16/2016 16:00:00,137.557,29.12,31.865,127.135,139.0146875
02/17/2016 00:00:00,81.171,21.605,26.3975,77.01,80.1007875
02/17/2016 08:00:00,123.6005,20.12,24.6425,114.38,121.6329625
02/17/2016 16:00:00,137.413,32.3825,35.8925,128.0075,138.4558
02/18/2016 00:00:00,75.484,31.865,36.365,76.815,79.6316625
02/18/2016 08:00:00,130.322,26.87,37.6475,116.6625,120.219575
02/18/2016 16:00:00,151.916,25.9925,42.125,132.56375,143.7154
02/19/2016 00:00:00,85.051,31.4825,34.9925,75.57375,79.3681375
02/19/2016 08:00:00,126.28,33.395,34.6325,112.5825,120.6411875
02/19/2016 16:00:00,135.5055,40.4825,40.8875,127.76125,136.1261375
02/20/2016 00:00:00,75.848,40.1225,41.3825,71.9625,77.9566
02/20/2016 08:00:00,77.026,29.8625,38.165,73.12625,76.0577
02/20/2016 16:00:00,82.1825,23.405,45.5225,74.9675,73.8058625
02/21/2016 00:00:00,79.0805,26.915,41.765,73.97875,76.5547125
02/21/2016 08:00:00,73.1345,29.2325,40.4825,71.76375,74.1631
02/21/2016 16:00:00,73.2435,32.99,45.455,72.22,73.2142125
02/22/2016 00:00:00,79.8135,27.2525,40.9775,74.3925,78.4319875
02/22/2016 08:00:00,138.8005,15.125,35.87,118.2,122.125175
02/22/2016 16:00:00,151.5535,9.14,32.5175,127.625,140.9824
02/23/2016 00:00:00,88.1375,6.17,23.8775,81.15125,79.74275
02/23/2016 08:00:00,133.7475,5.135,21.74,113.435,118.4474
02/23/2016 16:00:00,148.963,8.285,28.085,126.71625,137.86105
02/24/2016 00:00:00,87.4045,6.5975,20.48,80.14125,80.05925
02/24/2016 08:00:00,133.74,7.25,20.03,113.505,119.3687125
02/24/2016 16:00:00,148.0475,6.1475,28.22,126.5825,137.246375
02/25/2016 00:00:00,87.5835,-8.2525,16.2275,82.7375,81.0031875
02/25/2016 08:00:00,133.669,-0.625,15.5975,113.24625,118.1225
02/25/2016 16:00:00,147.946,17.78,27.14,126.33,138.8282875
02/26/2016 00:00:00,87.2455,0.3425,16.745,80.81625,81.1797625
02/26/2016 08:00:00,130.092,-7.375,12.5825,113.52125,117.0179625
02/26/2016 16:00:00,145.9415,-10.615,23.3825,126.1525,133.499525
02/27/2016 00:00:00,89.10095387,-4.8325,14.135,79.335,77.65065
02/27/2016 08:00:00,82.652612,0.7475,15.3725,75.92625,71.76455
02/27/2016 16:00:00,81.91612713,19.5125,33.89,74.60125,72.444375
02/28/2016 00:00:00,82.45721941,22.01,32.135,71.16875,74.45455
02/28/2016 08:00:00,76.0495,21.245,33.665,71.5725,72.7152
02/28/2016 16:00:00,74.1335,21.47,35.3975,71.87875,79.08365
02/29/2016 00:00:00,79.165,13.28,32.5175,76.17875,77.9413
02/29/2016 08:00:00,131.974,9.005,22.1,113.90125,119.0183875
02/29/2016 16:00:00,147.085,-0.6025,22.865,127.54375,134.4449625
03/01/2016 00:00:00,90.431,-3.9325,15.7325,82.39625,79.5055625
03/01/2016 08:00:00,130.334,-4.36,15.26,113.4225,117.6405125
03/01/2016 16:00:00,141.617,2.885,26.87,127.17875,137.3390875
03/02/2016 00:00:00,84.5485,6.26,25.6325,81.81,79.524925
03/02/2016 08:00:00,131.6985,9.5225,27.005,114.11,118.4754125
03/02/2016 16:00:00,147.392,15.7775,29.5025,129.05625,140.5978375
03/03/2016 00:00:00,87.7345,9.635,20.525,80.06,81.513625
03/03/2016 08:00:00,131.236,-3.28,16.88,113.75625,117.8029125
03/03/2016 16:00:00,148.588,2.03,27.995,126.35875,136.93085
03/04/2016 00:00:00,87.2375,10.085,19.0175,77.61,78.9245375
03/04/2016 08:00:00,129.869,10.6475,19.22,114.90125,120.9332625
03/04/2016 16:00:00,144.307,20.705,36.8825,125.37875,137.6759375
03/05/2016 00:00:00,86.797,24.17,32.3825,75.1775,79.0123625
03/05/2016 08:00:00,75.6265,23,36.1175,76.81375,71.8336
03/05/2016 16:00:00,75.8985,22.1,53.2175,74.86375,80.1956125
03/06/2016 00:00:00,69.9825,23.675,40.3475,73.96875,78.9865125
03/06/2016 08:00:00,73.994,12.4925,34.25,74.015,78.29905
03/06/2016 16:00:00,74.295,10.49,40.1225,75.0775,77.2944875
03/07/2016 00:00:00,79.378,7.4975,32.8775,77.35,73.416625
03/07/2016 08:00:00,135.9785,21.605,32.6525,114.56875,122.8218875
03/07/2016 16:00:00,152.4475,26.24,41.8775,127.33875,138.7837375
03/08/2016 00:00:00,89.6365,30.605,36.995,75.85625,80.047575
03/08/2016 08:00:00,134.0975,33.0575,39.605,119.12375,122.3698625
03/08/2016 16:00:00,152.433,25.0475,57.38,146.415,155.096725
03/09/2016 00:00:00,93.52,26.375,44.015,84.0775,83.0452
03/09/2016 08:00:00,142.699,32.4725,43.115,120.725,120.47305
03/09/2016 16:00:00,151.006,45.4775,50.7425,135.1075,141.4195625
03/10/2016 00:00:00,75.674,41.8775,46.76,75.5375,78.6252375
03/10/2016 08:00:00,128.4075,14.9225,22.235,112.65375,118.377875
03/10/2016 16:00:00,147.5665,5.405,21.2225,128.74625,136.101875
03/11/2016 00:00:00,96.7945,0.995,17.2625,81.7425,79.6873625
03/11/2016 08:00:00,132.273,5.9,18.2525,114.485,119.9859
03/11/2016 16:00:00,141.6665,13.3925,35.645,127.12625,138.4479625
03/12/2016 00:00:00,84.345,29.2325,37.265,76.1575,78.9478125
03/12/2016 08:00:00,91.2765,35.015,41.99,76.03,77.0501125
03/12/2016 16:00:00,88.962,27.86,53.51,74.7375,70.8857125
03/13/2016 00:00:00,79.505,22.37,40.0325,73.69875,74.48805
03/13/2016 09:00:00,74.214,7.3625,30.335,73.73375,78.45075
03/13/2016 17:00:00,73.223,0.7475,33.6425,74.57625,74.166575
03/14/2016 01:00:00,79.774,0.8825,27.5225,77.59,71.306125
03/14/2016 09:00:00,133.4325,-5.2825,20.3675,113.9075,116.8895875
03/14/2016 17:00:00,144.804,-5.5525,28.895,124.79125,134.6535
03/15/2016 01:00:00,85.375,7.385,23.405,78.73125,77.2395
03/15/2016 09:00:00,133.3655,7.25,23.27,115.09125,117.815775
03/15/2016 17:00:00,147.76,13.9775,38.885,127.9625,141.383875
03/16/2016 01:00:00,85.475,17.375,27.635,77.4,80.6799375
03/16/2016 09:00:00,134.131,20.4575,29.5025,116.39375,121.074775
03/16/2016 17:00:00,152.0905,24.2375,41.8775,129.20625,141.317825
03/17/2016 01:00:00,86.213,32.2475,36.23,75.03125,79.5642
03/17/2016 09:00:00,126.812,38.345,39.65,114.31125,122.0555125
03/17/2016 17:00:00,158.36,29.3675,49.865,128.1475,138.362675
03/18/2016 01:00:00,84.839,23.3825,39.7625,79.35875,80.95335
03/18/2016 09:00:00,129.115,20.48,36.995,119.26125,120.6337125
03/18/2016 17:00:00,141.661,18.275,42.26,130.37625,143.754475
03/19/2016 01:00:00,82.9425,17.735,32.63,77.56125,79.0653125
03/19/2016 09:00:00,86.766,24.6425,32.36,76.47375,72.17535
03/19/2016 17:00:00,92.4795,30.875,56.75,76.23875,79.93485
03/20/2016 01:00:00,79.9645,21.11,39.6275,73.28625,75.2360875
03/20/2016 09:00:00,74.388,21.3575,34.385,72.17,76.4183625
03/20/2016 17:00:00,71.972,7.475,40.595,75.1375,76.37845
03/21/2016 01:00:00,79.5425,2.255,29.255,77.39375,71.368625
03/21/2016 09:00:00,132.1925,-4.36,20.1425,114.42875,119.6669125
03/21/2016 17:00:00,149.1695,-4.675,31.235,124.12875,134.9309875
03/22/2016 01:00:00,94.4045,1.985,24.98,80.87375,78.3761125
03/22/2016 09:00:00,137.7765,5.495,23.6075,115.4425,119.0110375
03/22/2016 17:00:00,152.998,12.245,34.88,127.515,140.0838625
03/23/2016 01:00:00,94.0385,14.27,31.2125,80.66875,79.832775
03/23/2016 09:00:00,133.9965,15.5975,29.1425,114.7975,120.589725
03/23/2016 17:00:00,143.777,3.65,34.115,124.69125,136.64615
03/24/2016 01:00:00,90.0795,-4.7425,25.9925,82.25375,80.3260875
03/24/2016 09:00:00,135.1595,-1.5925,24.89,115.86375,117.7317625
03/24/2016 17:00:00,147.318,6.0125,40.28,126.94375,140.6185375
03/25/2016 01:00:00,86.1215,22.28,35.285,79.24875,79.6440875
03/25/2016 09:00:00,132.5695,34.4075,41.54,120.705,121.2452
03/25/2016 17:00:00,142.758,43.52,53.015,138.82875,143.5080375
03/26/2016 01:00:00,80.107,43.3175,46.3775,74.83625,79.5439625
03/26/2016 09:00:00,74.7525,39.74,45.23,72.15,75.6184125
03/26/2016 17:00:00,78.1835,41.8775,46.7375,66.59,72.0767875
03/27/2016 01:00:00,70.4395,39.8075,42.0575,65.52,69.664725
03/27/2016 09:00:00,65.199,42.035,43.6775,64.275,69.794625
03/27/2016 17:00:00,63.5245,39.47,42.8675,62.56,73.725125
03/28/2016 01:00:00,72.5475,34.025,37.1075,62.65375,73.9914875
03/28/2016 09:00:00,121.9495,33.1925,35.78,115.75625,115.388425
03/28/2016 17:00:00,137.909,32.36,37.355,126.63625,122.75145
03/29/2016 01:00:00,87.7685,27.14,39.11,79.57375,83.473525
03/29/2016 09:00:00,132.6225,25.9925,39.11,119.68875,129.89495
03/29/2016 17:00:00,156.8415,29.8625,49.6175,139.3225,159.054475
03/30/2016 01:00:00,97.725,28.13,39.1325,80.28375,82.5676875
03/30/2016 09:00:00,137.6265,26.24,39.38,121.315,121.63965
03/30/2016 17:00:00,154.2055,28.895,50.63,144.4875,151.7036
03/31/2016 01:00:00,86.1985,33.7775,40.235,78.86,79.4088
03/31/2016 09:00:00,139.911,22.3475,44.6225,129.36875,127.9642625
03/31/2016 17:00:00,154.478,23.7425,53.87,156.395,162.6989625
04/01/2016 01:00:00,93.7525,30.5825,39.1325,84.49375,79.7700125
04/01/2016 09:00:00,135.309,29.345,40.9775,119.02875,120.79115
04/01/2016 17:00:00,146.484,26.8925,46.8725,135.795,146.4008875
04/02/2016 01:00:00,82.976,34.88,39.3575,73.9825,79.39515
04/02/2016 09:00:00,76.6705,38.12,41.6075,73.5225,76.2058375
04/02/2016 17:00:00,80.646,29.39,51.035,74.94375,74.0927875
04/03/2016 01:00:00,80.473,20.4575,39.2225,74.08,76.855025
04/03/2016 09:00:00,73.915,20.7275,36.7925,73.52,76.7230625
04/03/2016 17:00:00,71.6945,16.97,54.9725,77.19125,71.05875
04/04/2016 01:00:00,79.6995,24.4175,44.6,76.12875,76.8057125
04/04/2016 09:00:00,141.4215,28.2425,44.0375,127.35,129.202775
04/04/2016 17:00:00,150.4655,30.38,49.1225,143.7275,150.61855
04/05/2016 01:00:00,77.3975,43.7225,47.705,78.7175,78.60585
04/05/2016 09:00:00,122.875,48.38,48.605,115.28,125.7905875
04/05/2016 17:00:00,142.4625,50.7425,58.7525,137.16875,150.437075
04/06/2016 01:00:00,85.3585,33.5075,49.595,80.67625,77.8202375
04/06/2016 09:00:00,135.7615,32.7875,46.13,127.7175,128.341925
04/06/2016 17:00:00,148.0615,23.045,56.9975,152.8775,164.06785
04/07/2016 01:00:00,88.4055,11.8625,43.8575,86.75125,83.8907875
04/07/2016 09:00:00,134.994,19.8725,40.8875,128.47625,130.9011375
04/07/2016 17:00:00,146.266,22.37,53.015,151.59625,160.7118125
04/08/2016 01:00:00,65.3605,35.645,48.605,85.94375,79.64245
04/08/2016 09:00:00,0,41.135,53.15,132.875,130.4684875
04/08/2016 17:00:00,0,43.025,60.3725,164.73375,164.8797125
04/09/2016 01:00:00,0,43.925,50.135,86.0875,80.8741125
04/09/2016 09:00:00,0,34.52,54.1175,77.5275,78.3272
04/09/2016 17:00:00,0,30.11,66.425,64.955,67.0855625
04/10/2016 01:00:00,0,35.015,51.8675,66.58375,82.358125
04/10/2016 09:00:00,0,38.345,48.7625,71.9325,72.18015
04/10/2016 17:00:00,0,46.58,58.1225,70.5675,66.502975
04/11/2016 01:00:00,19.0755,50.81,57.6725,63.50125,65.585875
04/11/2016 09:00:00,183.2405,52.97,61.205,159.2475,147.5809125
04/11/2016 17:00:00,187.398,52.0475,66.875,187.04375,192.4396875
04/12/2016 01:00:00,82.161,54.4775,60.1475,108.5675,101.2724875
04/12/2016 09:00:00,145.299,56.3675,60.26,125.28625,133.113025
04/12/2016 17:00:00,153.958,57.1325,60.2825,140.5125,156.3612375
04/13/2016 01:00:00,92.92,40.7525,47.48,75.78625,76.793175
04/13/2016 09:00:00,129.6595,21.11,34.2725,115.765,123.1880375
04/13/2016 17:00:00,149.4125,16.25,42.8675,128.2425,145.8931
04/14/2016 01:00:00,89.7685,15.2825,35.8475,80.9575,85.8300625
04/14/2016 09:00:00,129.804,20.2775,35.7575,118.91375,119.9921375
04/14/2016 17:00:00,145.1595,23.54,42.6425,131.69625,143.92865
04/15/2016 01:00:00,87.6335,24.9125,33.395,77.54,79.515175
04/15/2016 09:00:00,124.279,27.725,35.9825,116.23125,120.1291125
04/15/2016 17:00:00,128.0625,30.605,47.0975,131.7125,142.3840125
04/16/2016 01:00:00,83.8675,33.53,39.38,74.57625,79.7108625
04/16/2016 09:00:00,72.9405,32,45.995,79.19,77.866375
04/16/2016 17:00:00,71.5215,26.87,62.1275,69.52375,68.2297125
04/17/2016 01:00:00,81.922,26.3975,47.9975,71.32625,82.8860125
04/17/2016 09:00:00,74.754,21.785,45.3875,75.2875,74.180425
04/17/2016 17:00:00,72.402,25.7,51.7325,75.91875,63.6195
04/18/2016 01:00:00,81.8325,31.235,39.74,70.87375,72.2043375
04/18/2016 09:00:00,149.3885,36.4775,41.135,120.0575,124.85595
04/18/2016 17:00:00,183.7485,39.875,55.8725,145.215,163.34295
04/19/2016 01:00:00,105.5685,38.21,45.905,79.85625,84.6032
04/19/2016 09:00:00,163.603,42.3725,50.135,129.5275,122.9009125
04/19/2016 17:00:00,187.3285,43.16,64.625,174.84,168.2933875
04/20/2016 01:00:00,85.3595,48.7175,52.4975,89.65125,90.0366125
04/20/2016 09:00:00,129.2715,46.8725,49.7525,115.095,120.817375
04/20/2016 17:00:00,145.9625,38.48,51.2375,126.80625,137.635175
04/21/2016 01:00:00,90.1315,28.49,48.1325,80.0975,79.1531625
04/21/2016 09:00:00,136.625,16.2725,45.5225,134.12375,143.2067375
04/21/2016 17:00:00,146.8175,19.22,56.84,152.72,169.410125
04/22/2016 01:00:00,90.6325,22.235,49.505,87.71,83.01095
04/22/2016 09:00:00,159.9925,23.225,49.6175,140.095,153.1589375
04/22/2016 17:00:00,180.6405,28.8725,56.5025,165.6125,174.055325
04/23/2016 01:00:00,92.246,36.3425,45.905,84.5175,79.0909
04/23/2016 09:00:00,74.205,40.37,44.87,73.2325,77.14675
04/23/2016 17:00:00,71.986,40.8875,46.49,70.32875,74.546925
04/24/2016 01:00:00,79.9575,39.9425,44.915,68.82875,71.0676125
04/24/2016 09:00:00,75.756,39.3575,45.995,69.05375,70.3073375
04/24/2016 17:00:00,77.5465,38.12,50.27,71.97375,71.8765125
04/25/2016 01:00:00,82.9945,35.3975,45.635,70.29625,74.4448
04/25/2016 09:00:00,146.971,33.89,47.615,130.35,140.892275
04/25/2016 17:00:00,184.5275,36.6125,55.445,156.24625,170.40845
04/26/2016 01:00:00,90.5555,36.7475,46.76,84.21875,81.3436375
04/26/2016 09:00:00,132.8555,35.15,44.0375,117.5975,118.5751625
04/26/2016 17:00:00,146.4385,33.6425,45.365,129.8175,141.8161
04/27/2016 01:00:00,96.4875,33.89,41.8775,77.84625,78.801125
04/27/2016 09:00:00,120.52,36.995,41.8775,115.26625,120.5483125
04/27/2016 17:00:00,125.5885,40.37,45.23,128.87125,138.166425
04/28/2016 01:00:00,67.226,45.635,46.49,75.005,78.52725
04/28/2016 09:00:00,124.488,55.355,56.3675,121.6375,138.1140625
04/28/2016 17:00:00,162.369,54.23,59.6525,140.44375,137.6687
04/29/2016 01:00:00,72.962,48.6275,50.9675,76.53875,76.3472625
04/29/2016 09:00:00,141.051,40.145,57.9875,140.5325,153.1189625
04/29/2016 17:00:00,164.0085,38.615,64.0175,181.05625,175.8887125
04/30/2016 01:00:00,82.476,39.47,52.745,92.4725,92.5111375
04/30/2016 09:00:00,62.2455,39.605,53.7575,82.10625,81.1544
04/30/2016 17:00:00,60.8805,37.2875,64.49,68.71125,67.2348
05/01/2016 01:00:00,69.4605,40.64,55.265,69.21375,79.151125
05/01/2016 09:00:00,62.0545,38.1425,55.8725,73.41,69.627575
05/01/2016 17:00:00,60.2205,32.3825,61.3625,74.005,65.6186625
05/02/2016 01:00:00,68.7605,35.51,51.89,72.9875,79.6754875
05/02/2016 09:00:00,155.319,39.0875,53.1275,139.335,144.0502875
05/02/2016 17:00:00,171.1085,36.7475,62.015,169.65,175.0984625
05/03/2016 01:00:00,83.156,36.77,53.4875,93.81625,87.5958
05/03/2016 09:00:00,148.792,35.3975,53.4875,138.52125,134.7394375
05/03/2016 17:00:00,170.523,29.12,61.745,168.14875,173.4419375
05/04/2016 01:00:00,79.167,26.6,52.3625,93.48125,85.98525
05/04/2016 09:00:00,144.1725,28.76,53.915,144.68625,155.6448125
05/04/2016 17:00:00,172.7605,33.9125,61.9925,176.59875,179.6670625
05/05/2016 01:00:00,77.5815,34.1375,51.62,94.42625,84.996425
05/05/2016 09:00:00,156.35,41.3825,53.105,134.1825,127.5540625
05/05/2016 17:00:00,166.2715,51.89,59.405,155.27375,151.0933
05/06/2016 01:00:00,70.5255,51.755,54.725,83.105,80.2253625
05/06/2016 09:00:00,144.4595,53.3525,54.23,116.955,128.0124125
05/06/2016 17:00:00,154.303,46.2425,56.5925,134.78875,139.7080875
05/07/2016 01:00:00,70.003,53.87,57.8525,80.8575,80.7415125
05/07/2016 09:00:00,50.356,58.01,59.72,71.29,73.4402375
05/07/2016 17:00:00,59.561,58.505,73.49,72.62625,66.4914125
05/08/2016 01:00:00,56.768,57.74,66.74,70.915,67.1838
05/08/2016 09:00:00,56.857,45.635,63.7925,71.675,66.347775
05/08/2016 17:00:00,60.33,30.1325,77,66.0425,69.399275
05/09/2016 01:00:00,68.608,35.1275,63.365,71.105,86.9760375
05/09/2016 09:00:00,188.4815,42.17,64.985,170.65875,175.1593125
05/09/2016 17:00:00,187.657,46.355,77.99,186.85875,201.2302875
05/10/2016 01:00:00,92.642,48.8975,64.3775,102.54625,112.764625
05/10/2016 09:00:00,155.498,39.7175,55.0175,134.7,134.065225
05/10/2016 17:00:00,173.8815,38.2325,58.4825,165.49625,168.27545
05/11/2016 01:00:00,92.166,38.48,46.85,85.23625,79.123
05/11/2016 09:00:00,151.5215,43.385,50.7425,125.13,123.7936375
05/11/2016 17:00:00,177.12,48.65,61.3625,163.34,158.117425
05/12/2016 01:00:00,75.834,53.6675,56.345,89.7475,85.1426125
05/12/2016 09:00:00,163.009,57.965,63.23,141.95,141.61175
05/12/2016 17:00:00,177.94,59.8775,68.135,179.01375,192.7363625
05/13/2016 01:00:00,68.3755,59,62.51,94.3425,94.78835
05/13/2016 09:00:00,146.222,58.19,63.2525,132.82125,137.0348375
05/13/2016 17:00:00,141.239,59.54,62.87,149.0025,159.589125
05/14/2016 01:00:00,70.3855,59.945,62.06,81.97875,66.8854
05/14/2016 09:00:00,56.1325,57.245,62.645,72.02,62.197675
05/14/2016 17:00:00,60.771,41,72.6125,68.1925,67.413125
05/15/2016 01:00:00,73.7035,40.6175,58.37,67.67125,80.5280625
05/15/2016 09:00:00,84.694,39.335,57.2675,75.55,67.797625
05/15/2016 17:00:00,79.464,41.495,65.255,71.7425,65.1420375
05/16/2016 01:00:00,90.4915,32.6075,58.7525,71.0575,82.3708
05/16/2016 09:00:00,233.335,33.305,56.9975,160.31625,169.4585125
05/16/2016 17:00:00,257.85,32,63.275,173.78625,181.257125
05/17/2016 01:00:00,113.8505,40.7975,56.21,104.305,90.196725
05/17/2016 09:00:00,238.8775,37.1075,61.6325,148.15,156.0401
05/17/2016 17:00:00,258.4865,41.8775,68.4725,191.40375,187.2462375
05/18/2016 01:00:00,104.492,44.8475,52.61,96.25875,94.5348375
05/18/2016 09:00:00,222.931,46.8725,57.3575,137.36,131.168075
05/18/2016 17:00:00,235.927,48.5825,67.3925,186.54,184.6958
05/19/2016 01:00:00,97.1385,50.54,55.895,98.80625,98.342925
05/19/2016 09:00:00,177.3005,50.135,56.8625,121.4725,125.7191875
05/19/2016 17:00:00,161.6165,51.6425,56.21,134.95125,142.2081125
05/20/2016 01:00:00,67.618,53.0375,55.715,77.73375,78.5304625
05/20/2016 09:00:00,134.85,52.115,56.5925,123.9975,129.333475
05/20/2016 17:00:00,150.3295,53.015,63.455,154.31875,157.763425
05/21/2016 01:00:00,71.027,47.57,55.4,85.42,83.611425
05/21/2016 09:00:00,56.8985,47.6375,56.12,76.4125,77.9819
05/21/2016 17:00:00,61.736,47.75,62.7575,73.69375,64.97035
05/22/2016 01:00:00,83.6325,49.865,55.5125,66.06375,62.2981625
05/22/2016 09:00:00,127.2175,50.405,52.385,58.1975,65.141
05/22/2016 17:00:00,151.545,52.52,63.275,57.96875,66.0948
05/23/2016 01:00:00,90.5625,51.5525,53.9825,55.765,63.0375625
05/23/2016 09:00:00,146.2325,52.7675,58.6175,141.65375,138.78
05/23/2016 17:00:00,152.513,54.9275,73.4,192.55125,182.4531
05/24/2016 01:00:00,95.009,53.96,69.53,123.93,117.872175
05/24/2016 09:00:00,248.5865,54.5,71.96,168.52625,200.5256625
05/24/2016 17:00:00,220.59,55.4,72.005,206.64875,205.3037
05/25/2016 01:00:00,71.385,48.9875,52.4075,93.4925,93.276725
05/25/2016 09:00:00,110.7695,47.9975,51.4175,112.94875,121.6322
05/25/2016 17:00:00,129.6185,44.7575,50.855,129.695,138.7308
05/26/2016 01:00:00,73.096,40.865,45.86,75.36125,77.811675
05/26/2016 09:00:00,138.689,41.0225,51.26,132.49,126.0943375
05/26/2016 17:00:00,179.0105,43.1375,61.8575,174.26,167.5354375
05/27/2016 01:00:00,79.8925,42.755,48.8525,86.2525,81.2026
05/27/2016 09:00:00,152.7385,44.7575,53.375,131.0525,125.0830375
05/27/2016 17:00:00,175.84,47.885,60.8675,161.775,158.0185
05/28/2016 01:00:00,80.4105,51.395,54.77,83.82875,80.962225
05/28/2016 09:00:00,63.9875,47.885,55.49,74.25125,75.8978
05/28/2016 17:00:00,64.468,36.2525,63.8375,69.44875,66.859925
05/29/2016 01:00:00,69.577,38.885,50.8325,67.53375,73.5445125
05/29/2016 09:00:00,79.223,42.035,60.1025,77.90125,70.0584375
05/29/2016 17:00:00,80.109,41.495,73.1975,69.40875,67.6386125
05/30/2016 01:00:00,49.2715,44.8475,56.7725,62.83125,73.1209
05/30/2016 09:00:00,0,46.535,62.15,155.05625,161.215675
05/30/2016 17:00:00,0,46.85,77.8775,179.59,189.6666625
05/31/2016 01:00:00,18.975,49.8875,60.35,97.34625,110.89885
05/31/2016 09:00:00,175.2655,53.735,62.285,145.25,138.3244125
05/31/2016 17:00:00,189.964,53.8475,70.3625,193.185,199.9538125
06/01/2016 01:00:00,86.5445,46.13,59.7875,110.45625,105.717425
06/01/2016 09:00:00,146.3455,51.89,59.495,125.795,131.9874125
06/01/2016 17:00:00,177.6415,56.9975,64.3775,163.03125,156.7085125
06/02/2016 01:00:00,80.031,59.405,61.1375,87.69375,85.0950375
06/02/2016 09:00:00,146.4295,60.6425,62.3525,130.14125,141.0994
06/02/2016 17:00:00,146.038,57.8525,61.2725,142.0375,141.193925
06/03/2016 01:00:00,67.8425,55.265,58.73,78.605,67.85035
06/03/2016 09:00:00,152.369,52.9025,61.52,139.33125,148.476875
06/03/2016 17:00:00,174.8165,51.755,74.12,203.73875,194.260375
06/04/2016 01:00:00,79.9065,52.9025,63.5225,108.93375,103.3323125
06/04/2016 09:00:00,80.436,53.6225,67.1225,79.3775,82.1037
06/04/2016 17:00:00,74.496,55.985,78.26,56.4025,66.3774125
06/05/2016 01:00:00,72.784,57.1325,67.505,58.34375,69.2394
06/05/2016 09:00:00,101.8875,54.725,72.005,62.7575,71.5543375
06/05/2016 17:00:00,82.1345,53.3975,81.7475,57.17625,69.1318875
06/06/2016 01:00:00,70.097,53.8925,69.845,61.42875,76.3266
06/06/2016 09:00:00,206.857,53.87,69.26,193.75125,196.4114375
06/06/2016 17:00:00,189.7075,57.1325,70.7225,192.62875,195.2335875
06/07/2016 01:00:00,78.9285,60.98,63.3425,101.4675,94.411225
06/07/2016 09:00:00,155.655,63.995,65.975,143.76,148.288075
06/07/2016 17:00:00,181.1565,65.3675,71.15,194.40375,162.7155625
06/08/2016 01:00:00,77.0505,56.7725,62.285,91.3825,72.8472375
06/08/2016 09:00:00,147.758,52.9025,61.925,133.2675,153.534725
06/08/2016 17:00:00,176.687,48.9875,70.8575,187.3825,189.20955
06/09/2016 01:00:00,82.944,50.855,61.0025,110.275,109.3189875
06/09/2016 09:00:00,147.316,55.1075,61.25,130.855,132.0134375
06/09/2016 17:00:00,157.906,61.025,67.8875,178.2725,176.5176625
06/10/2016 01:00:00,84.4405,59.135,64.355,96.04125,94.956125
06/10/2016 09:00:00,141.555,62.87,64.13,135.49375,142.808075
06/10/2016 17:00:00,145.138,66.6275,68.495,178.525,149.5908
06/11/2016 01:00:00,72.326,64.13,65.84,80.6875,67.6745125
06/11/2016 09:00:00,58.039,63.7475,65.0075,67.39625,67.1632375
06/11/2016 17:00:00,64.8165,59.495,74.6375,72.485,65.997675
06/12/2016 01:00:00,66.212,48.695,60.98,69.92375,71.291025
06/12/2016 09:00:00,71.754,51.26,63.3875,72.74,67.116975
06/12/2016 17:00:00,78.313,53.735,77.405,64.03375,67.6594625
06/13/2016 01:00:00,67.524,49.865,66.605,63.07375,75.7010125
06/13/2016 09:00:00,192.757,46.7375,67.1,185.545,191.2337
06/13/2016 17:00:00,186.206,49.7525,75.245,193.905,201.47215
06/14/2016 01:00:00,83.996,52.385,63.2525,109.45375,105.0464875
06/14/2016 09:00:00,185.6295,61.1375,68.1575,160.96125,150.3311375
06/14/2016 17:00:00,200.2625,66.83,77.27,229.73125,208.8275
06/15/2016 01:00:00,84.88,64.1525,66.2225,115.09625,95.6878375
06/15/2016 09:00:00,191.897,64.85,75.6275,172.065,182.15
06/15/2016 17:00:00,195.7845,61.9025,84.47,235.0825,219.5461
06/16/2016 01:00:00,84.352,61.115,75.3575,135.19875,113.9487875
06/16/2016 09:00:00,173.566,62.87,69.17,135.85,177.1925875
06/16/2016 17:00:00,185.1975,56.12,77.36,211.08875,188.5972875
06/17/2016 01:00:00,92.168,43.1825,67.0325,110.23875,111.079375
06/17/2016 09:00:00,173.6235,46.3325,65.7275,150.045,173.0828
06/17/2016 17:00:00,175.7155,37.625,74.975,179.72125,184.700275
06/18/2016 01:00:00,88.681,41.2475,63.0275,98.66375,106.5610625
06/18/2016 09:00:00,101.8165,44.375,62.4875,84.79875,86.6474
06/18/2016 17:00:00,70.2,47.885,71.6225,60.595,70.699125
06/19/2016 01:00:00,68.1075,49.2575,63.995,71.14375,75.9524
06/19/2016 09:00:00,76.3565,46.13,65.12,75.4675,69.7517875
06/19/2016 17:00:00,79.5785,49.0325,73.13,64.28875,67.3325625
06/20/2016 01:00:00,64.1845,53.3975,61.34,58.39,67.8290875
06/20/2016 09:00:00,173.246,54.995,64.2425,164.67,160.2125875
06/20/2016 17:00:00,183.152,49.37,72.59,190.875,194.0418625
06/21/2016 01:00:00,82.162,53.015,61.2275,105.34375,109.0994375
06/21/2016 09:00:00,160.447,56.885,66.245,157.18625,147.053325
06/21/2016 17:00:00,185.897,57.2225,76.64,217.87,210.548925
06/22/2016 01:00:00,84.5575,60.0575,66.5825,120.1675,101.4076875
06/22/2016 09:00:00,173.824,64.355,71.78,164.24125,164.548475
06/22/2016 17:00:00,198.17,68.27,80.4875,239.85875,216.4867
06/23/2016 01:00:00,71.108,69.665,73.625,135.80875,99.2648125
06/23/2016 09:00:00,175.921,69.755,74.2325,158.46625,177.7293125
06/23/2016 17:00:00,198.506,63.86,76.595,214.615,205.3518125
06/24/2016 01:00:00,73.058,56.12,63.1175,124.01125,96.6344375
06/24/2016 09:00:00,173.6265,52.52,67.2575,143.0175,149.4921375
06/24/2016 17:00:00,172.773,41.36,77,176.44125,179.3951875
06/25/2016 01:00:00,78.9895,49.505,64.04,97.9425,101.055725
06/25/2016 09:00:00,113.0855,56.39,67.3475,82.7225,82.7252625
06/25/2016 17:00:00,67.8805,55.7825,76.7975,56.8,66.1581125
06/26/2016 01:00:00,66.4795,54.8825,63.005,56.545,69.3171875
06/26/2016 09:00:00,80.787,55.85,67.9775,63.48,69.8510875
06/26/2016 17:00:00,80.532,56.7275,78.395,58.80125,67.943075
06/27/2016 01:00:00,62.6585,59.495,65.2325,57.86,65.760275
06/27/2016 09:00:00,188.6965,60.755,70.6325,176.43125,161.1505375
06/27/2016 17:00:00,198.072,60.89,83.5025,214.2325,212.7380125
06/28/2016 01:00:00,73.6675,63.6125,70.5425,97.91375,107.7684625
06/28/2016 09:00:00,184.3095,66.875,75.02,187.725,175.376275
06/28/2016 17:00:00,201.1085,67.505,84.245,246.0275,219.5108875
06/29/2016 01:00:00,70.0555,66.3575,73.49,136.8475,106.257
06/29/2016 09:00:00,184.945,69.665,76.2575,173.02625,181.435525
06/29/2016 17:00:00,200.003,71.1275,86.2475,248.315,220.2432
06/30/2016 01:00:00,66.5165,70.52,75.8975,136.53625,104.6830625
06/30/2016 09:00:00,181.021,71.6225,77.09,166.41375,183.157525
06/30/2016 17:00:00,194.5595,70.2275,84.6275,242.16125,218.292525
07/01/2016 01:00:00,65.234,67.3475,73.4,131.54375,104.0698625
07/01/2016 09:00:00,48.509,68.405,72.8825,149.355,159.1193125
07/01/2016 17:00:00,46.6205,65.12,68.405,177.9175,160.2743875
07/02/2016 01:00:00,53.9145,59.1125,63.86,90.19,78.2127875
07/02/2016 09:00:00,121.534,48.2675,66.245,77.87625,66.617625
07/02/2016 17:00:00,68.096,46.6475,78.2825,58.15875,68.442925
07/03/2016 01:00:00,68.358,51.4175,69.125,59.815,76.10215
07/03/2016 09:00:00,60.071,52.2725,70.2275,62.48625,75.7932875
07/03/2016 17:00:00,58.968,54.2525,81.6125,57.51125,68.69785
07/04/2016 01:00:00,64.092,61.52,70.88,58.93375,70.72945
07/04/2016 09:00:00,200.958,64.5125,71.51,189.55,208.073225
07/04/2016 17:00:00,202.7605,65.5925,82.6925,223.52,220.9376125
07/05/2016 01:00:00,77.999,65.075,75.0875,113.21375,113.151925
07/05/2016 09:00:00,197.6165,66.4025,76.3925,190.7,214.2063375
07/05/2016 17:00:00,201.746,68.2475,84.9875,248.67125,220.8200375
07/06/2016 01:00:00,68.5005,67.55,73.85,139.86375,105.3453
07/06/2016 09:00:00,191.2235,65.975,75.4025,166.9375,179.0546625
07/06/2016 17:00:00,197.3095,62.6,81.9725,236.4825,217.4334
07/07/2016 01:00:00,68.422,67.505,73.085,130.2575,104.07075
07/07/2016 09:00:00,177.6385,58.505,73.5125,160.70375,168.3849
07/07/2016 17:00:00,186.9855,60.125,79.9025,234.93625,215.9295125
07/08/2016 01:00:00,81.9655,62.8925,70.88,125.3,106.42325
07/08/2016 09:00:00,169.996,59.27,70.115,154.2775,156.11335
07/08/2016 17:00:00,183.828,58.505,78.3725,228.09125,213.491725
07/09/2016 01:00:00,78.8055,56.5025,66.47,114.56,97.300525
07/09/2016 09:00:00,128.1235,58.9775,70.4075,77.8675,81.51665
07/09/2016 17:00:00,69.8575,62.015,80.6225,54.97,66.9467875
07/10/2016 01:00:00,66.6875,61.4075,66.9875,56.885,66.10345
07/10/2016 09:00:00,56.6765,60.8675,73.7375,61.5425,70.6599625
07/10/2016 17:00:00,60.662,63.7475,79.025,54.59875,64.7709875
07/11/2016 01:00:00,57.134,66.92,72.5,58.095,65.081675
07/11/2016 09:00:00,204.1275,69.1475,75.8975,191.02625,185.1127625
07/11/2016 17:00:00,194.6135,71.6225,77.6525,211.93,225.2198625
07/12/2016 01:00:00,55.416,71.6225,73.265,112.7525,92.445075
07/12/2016 09:00:00,160.331,72.095,73.5125,153.865,147.401925
07/12/2016 17:00:00,185.375,73.04,76.7525,210.4275,179.7090625
07/13/2016 01:00:00,62.4585,71.645,73.22,110.87625,91.9709125
07/13/2016 09:00:00,153.003,70.4975,72.3875,144.7925,143.9003375
07/13/2016 17:00:00,156.108,70.52,73.9625,200.655,165.6067375
07/14/2016 01:00:00,62.8915,66.7625,70.295,98.31375,84.7135625
07/14/2016 09:00:00,159.833,57.875,69.845,154.96125,169.6990375
07/14/2016 17:00:00,180.659,56.435,78.2375,223.66,210.139275
07/15/2016 01:00:00,67.1305,58.4825,68.495,123.9025,109.016925
07/15/2016 09:00:00,164.66,56.5925,68.495,155.335,153.881325
07/15/2016 17:00:00,177.6305,56.9975,77.2925,220.93375,212.0789875
07/16/2016 01:00:00,71.498,59.765,66.3575,109.9175,96.4714875
07/16/2016 09:00:00,115.4575,60.2825,67.7525,73.3925,77.618825
07/16/2016 17:00:00,66.5185,57.9875,74.525,62.84125,64.965025
07/17/2016 01:00:00,73.4055,56.7275,68.1125,71.61875,69.6875125
07/17/2016 09:00:00,120.6815,57.38,66.7625,68.23375,68.2345
07/17/2016 17:00:00,73.7925,58.01,74.0075,58.225,63.87535
07/18/2016 01:00:00,63.1725,60.245,64.76,56.75,63.2379875
07/18/2016 09:00:00,164.5645,59.36,66.2225,173.8675,156.0218125
07/18/2016 17:00:00,178.887,60.0125,78.665,209.37375,204.625175
07/19/2016 01:00:00,72.6205,61.3625,67.64,97.06625,106.4759
07/19/2016 09:00:00,170.056,64.3775,71.6225,178.63875,166.0428125
07/19/2016 17:00:00,195.2535,67.8425,83.255,243.35875,220.17645
07/20/2016 01:00:00,80.8755,63.275,73.3775,142.15875,111.4456875
07/20/2016 09:00:00,191.2885,66.4925,75.2675,171.905,199.3186
07/20/2016 17:00:00,199.483,68.99,84.02,245.2775,217.5931
07/21/2016 01:00:00,67.9075,65.615,73.265,145.98625,107.02585
07/21/2016 09:00:00,175.9185,66.605,74.03,158.885,167.9061625
07/21/2016 17:00:00,183.622,62.15,75.515,219.54375,203.3723125
07/22/2016 01:00:00,66.546,59.8775,69.2825,133.53875,104.6020875
07/22/2016 09:00:00,153.7535,52.2725,68.0225,143.81875,162.7849125
07/22/2016 17:00:00,177.6435,55.5125,79.4975,224.2775,211.2195125
07/23/2016 01:00:00,80.1055,59.675,68.225,108.7625,98.5421375
07/23/2016 09:00:00,113.475,62.6225,69.98,74.92,78.3132625
07/23/2016 17:00:00,67.1185,60.0125,77.5175,57.61625,65.2205625
07/24/2016 01:00:00,58.459,63.9725,68.4725,55.88625,64.3427875
07/24/2016 09:00:00,48.966,66.4475,71.3525,57.62875,67.658875
07/24/2016 17:00:00,48.902,69.7775,73.265,53.74625,59.71295
07/25/2016 01:00:00,57.2235,69.2825,71.3975,57.08125,57.5408375
07/25/2016 09:00:00,180.603,70.52,73.5125,171.19125,148.5061875
07/25/2016 17:00:00,195.78,68.1575,79.025,218.285,196.3188375
07/26/2016 01:00:00,63.731,62.1725,70.6325,110.21,112.3341875
07/26/2016 09:00:00,165.0665,58.055,67.7075,152.8,148.6981375
07/26/2016 17:00:00,175.07,54.0275,75.9875,209.44625,207.1912875
07/27/2016 01:00:00,70.0845,55.49,65.75,120.15125,105.8122875
07/27/2016 09:00:00,159.7495,53.87,67.28,147.25875,148.5776
07/27/2016 17:00:00,177.94,52.745,76.37,211.88125,205.6065
07/28/2016 01:00:00,79.9405,56.0975,65.0075,117.8675,103.2577125
07/28/2016 09:00:00,158.9785,60.2375,67.2125,158.2625,150.1843
07/28/2016 17:00:00,181.2695,57.7625,77.8775,217.1375,211.504225
07/29/2016 01:00:00,66.3615,61.79,67.2125,116.155,100.5062375
07/29/2016 09:00:00,157.5175,65.7275,70.97,159.33,162.8879625
07/29/2016 17:00:00,190.3355,65.7275,77.8775,227.4325,212.308
07/30/2016 01:00:00,69.399,66.2,71.015,116.9425,95.138875
07/30/2016 09:00:00,102.6965,64.0175,69.1475,67.56625,73.95725
07/30/2016 17:00:00,55.12,59.135,62.5325,65.26,65.2148875
07/31/2016 01:00:00,61.1245,60.305,62.1725,64.9175,58.6811375
07/31/2016 09:00:00,54.235,60.8675,64.3775,60.31875,61.322575
07/31/2016 17:00:00,58.0375,63.635,69.3725,54.16875,62.6010125
08/01/2016 01:00:00,63.0885,64.94,68.2475,56.92875,58.4656625
08/01/2016 09:00:00,178.17,63.86,69.485,177.94,155.1353875
08/01/2016 17:00:00,196.6555,66.2225,79.1375,219.5525,208.9807875
08/02/2016 01:00:00,64.159,66.47,70.1375,103.935,102.531475
08/02/2016 09:00:00,171.4385,66.3575,73.3325,175.3025,174.292725
08/02/2016 17:00:00,197.556,66.3575,81.995,242.12875,220.6707375
08/03/2016 01:00:00,69.5335,63.7475,71.6675,134.4775,105.02305
08/03/2016 09:00:00,176.789,61.9925,72.2525,157.8325,170.472725
08/03/2016 17:00:00,195.587,59.1575,80.96,230.655,213.316
08/04/2016 01:00:00,74.942,54.005,69.485,131.79625,112.179275
08/04/2016 09:00:00,166.7945,51.6425,69.3725,152.21875,187.9212
08/04/2016 17:00:00,182.915,53.8925,76.145,214.615,207.307425
08/05/2016 01:00:00,72.889,54.86,62.8925,117.7875,100.583875
08/05/2016 09:00:00,149.6685,53.9825,66.65,148.86875,147.524125
08/05/2016 17:00:00,177.241,52.655,80.87,211.75875,204.6828
08/06/2016 01:00:00,73.7575,54.8375,69.89,108.51125,103.6631625
08/06/2016 09:00:00,120.192,55.4675,71.3525,79.72,83.863325
08/06/2016 17:00:00,73.0975,57.605,81.14,53.09375,66.8526125
08/07/2016 01:00:00,68.977,61.88,68.27,57.0775,65.9009375
08/07/2016 09:00:00,62.8125,56.12,71.6225,63.40625,70.332425
08/07/2016 17:00:00,65.1225,54.635,81.6125,56.3775,68.601325
08/08/2016 01:00:00,70.4605,62.375,67.37,56.52375,64.475075
08/08/2016 09:00:00,171.859,61.2275,68.1325,167.50375,148.1677875
08/08/2016 17:00:00,154.914,58.28,77.7425,204.43,199.7245625
08/09/2016 01:00:00,65.5445,62.78,66.74,95.84375,105.0642875
08/09/2016 09:00:00,148.229,63.3875,69.395,163.96125,157.6114
08/09/2016 17:00:00,186.04,62.7575,77.2925,228.01875,211.9837625
08/10/2016 01:00:00,60.673,64.715,72.3875,137.9575,106.6041
08/10/2016 09:00:00,133.8735,66.3575,68.7875,133.25625,143.394175
08/10/2016 17:00:00,136.3125,67.8425,70.2725,185.61125,162.91405
08/11/2016 01:00:00,56.4365,62.6225,66.605,85.81625,68.3426125
08/11/2016 09:00:00,154.1765,53.3525,64.9625,141.76625,160.511925
08/11/2016 17:00:00,178.764,49.2125,74.2325,197.0925,192.4447
08/12/2016 01:00:00,75.311,55.6025,64.0175,111.90625,109.4756125
08/12/2016 09:00:00,153.022,54.1175,63.8825,139.96625,139.9875
08/12/2016 17:00:00,168.7235,50.405,70.61,190.68,196.2252375
08/13/2016 01:00:00,72.4125,52.385,60.485,106.17625,99.5613125
08/13/2016 09:00:00,112.1595,52.79,63.86,78.4,80.2608375
08/13/2016 17:00:00,74.414,52.9925,74.615,60.62625,65.9674125
08/14/2016 01:00:00,64.123,60.9125,66.11,60.1825,65.8893375
08/14/2016 09:00:00,55.479,60.755,69.845,62.9375,68.84715
08/14/2016 17:00:00,61.461,58.865,76.4825,57.46,66.6854875
08/15/2016 01:00:00,65.493,55.22,66.155,59.5825,69.47415
08/15/2016 09:00:00,170.593,54.005,65.5025,177.21375,172.606825
08/15/2016 17:00:00,182.9665,50.495,75.6275,195.1125,199.3973
08/16/2016 01:00:00,72.817,50.135,63.1175,107.18875,108.266325
08/16/2016 09:00:00,142.7345,50.6525,62.3525,144.52875,138.578275
08/16/2016 17:00:00,184.222,53.15,75.3575,212.97875,203.7915875
08/17/2016 01:00:00,70.6305,56.12,62.735,112.53875,100.4432375
08/17/2016 09:00:00,150.765,58.2575,66.3575,153.77875,148.048325
08/17/2016 17:00:00,188.717,59.495,76.5275,218.815,208.83955
08/18/2016 01:00:00,69.6715,58.64,63.635,117.08875,97.625025
08/18/2016 09:00:00,145.816,60.2825,64.6475,140.8725,143.7066125
08/18/2016 17:00:00,184.296,62.1275,75.515,219.14625,209.7198125
08/19/2016 01:00:00,72.1885,61.8125,68.135,127.315,101.0996625
08/19/2016 09:00:00,135.415,62.375,66.11,134.9725,141.9823375
08/19/2016 17:00:00,162.721,60.9125,71.645,198.27,193.08855
08/20/2016 01:00:00,69.1155,60.17,65.7725,99.0375,98.10235
08/20/2016 09:00:00,75.892,58.1225,66.65,74.61125,77.1688875
08/20/2016 17:00:00,69.1335,53.5325,71.7575,66.465,65.1809375
08/21/2016 01:00:00,70.003,51.7775,59.8775,67.01625,70.390125
08/21/2016 09:00:00,59.888,53.3975,65.5025,72.12625,67.776925
08/21/2016 17:00:00,64.117,52.88,76.91,61.32375,66.9672625
08/22/2016 01:00:00,66.89,55.7375,64.2875,58.80125,67.8585
08/22/2016 09:00:00,191.462,58.64,69.1475,181.5075,170.1865875
08/22/2016 17:00:00,201.1605,61.25,82.265,210.885,215.2799375
08/23/2016 01:00:00,68.26,63.14,66.875,95.84625,101.0999375
08/23/2016 09:00:00,158.8375,62.51,67.865,161.59625,154.6728
08/23/2016 17:00:00,201.359,63.095,77.5175,227.685,213.5176125
08/24/2016 01:00:00,76.9815,58.37,66.3575,129.795,100.5573
08/24/2016 09:00:00,182.7975,62.24,70.9925,163.51125,162.577525
08/24/2016 17:00:00,225.9125,63.365,83.9975,236.2,221.911475
08/25/2016 01:00:00,100.6525,63.7475,72.995,138.34,110.6747875
08/25/2016 09:00:00,157.329,58.6175,72.5,157.92375,173.96745
08/25/2016 17:00:00,196.817,52.295,78.62,211.82125,205.945325
08/26/2016 01:00:00,99.753,49.46,65.1425,121.6525,111.2574
08/26/2016 09:00:00,140.7365,50.5175,64.5125,142.63625,152.7374375
08/26/2016 17:00:00,187.2715,53.6225,73.0175,209.21125,205.59545
08/27/2016 01:00:00,89.7715,54.59,61.025,105.66125,94.8092875
08/27/2016 09:00:00,50.4705,56.2325,61.9025,73.19625,77.8218
08/27/2016 17:00:00,64.073,58.235,72.095,67.90375,63.8111875
08/28/2016 01:00:00,61.6395,61.9025,66.335,67.08625,64.6388
08/28/2016 09:00:00,54.8055,66.6275,73.1525,65.0575,66.1843125
08/28/2016 17:00:00,60.481,71.51,80.3525,55.0725,62.4549
08/29/2016 01:00:00,53.3705,71.6225,74.21,56.7425,60.689825
08/29/2016 09:00:00,57.185,71.51,75.245,179.55125,157.7218625
08/29/2016 17:00:00,71.3905,69.755,84.65,226.0125,213.7464625
08/30/2016 01:00:00,61.7755,70.385,74.6375,94.38125,109.9941
08/30/2016 09:00:00,203.974,71.3975,73.13,168.355,165.473075
08/30/2016 17:00:00,251.9405,71.1275,85.1675,245.1475,220.9596125
08/31/2016 01:00:00,108.3075,70.4075,77.135,140.135,115.972975
08/31/2016 09:00:00,173.8615,59.63,74.615,158.22875,206.6499875
08/31/2016 17:00:00,209.778,56.84,81.3425,229.33,217.5386375
09/01/2016 01:00:00,109.9065,57.875,68.135,115.835,106.1040875
09/01/2016 09:00:00,152.923,55.9625,69.0125,157.6475,151.2058625
09/01/2016 17:00:00,207.938,56.21,82.7375,221.75625,212.70285
09/02/2016 01:00:00,105.081,63.995,69.125,107.9825,103.5927375
09/02/2016 09:00:00,164.2945,65.39,71.1275,165.8375,163.0111875
09/02/2016 17:00:00,218.8705,66.92,83.3675,241.745,223.4462875
09/03/2016 01:00:00,96.628,71.1725,75.335,120.68,97.3215125
09/03/2016 09:00:00,121.476,72.365,77.495,70.675,74.873725
09/03/2016 17:00:00,73.2565,72.365,85.505,59.06875,66.43445
09/04/2016 01:00:00,66.446,65.21,72.6125,55.92,64.67775
09/04/2016 09:00:00,57.511,59.135,67.8875,62.4825,70.9726375
09/04/2016 17:00:00,65.401,53.1275,76.2575,58.3075,65.7636125
09/05/2016 01:00:00,66.3815,58.145,63.6575,57.23,64.7378875
09/05/2016 09:00:00,161.8455,55.7375,63.9725,166.995,154.28465
09/05/2016 17:00:00,205.4815,51.1475,72.2075,192.915,195.875175
09/06/2016 01:00:00,109.366,52.0025,61.88,114.215,110.24495
09/06/2016 09:00:00,125.7555,54.14,63.3875,138.26625,138.76525
09/06/2016 17:00:00,189.623,55.22,69.62,191.5975,196.5481375
09/07/2016 01:00:00,97.08,58.235,62.285,106.2475,97.850825
09/07/2016 09:00:00,128.4015,57.5825,63.005,133.67375,138.2723375
09/07/2016 17:00:00,190.434,57.9875,71.4875,198.21,198.9133125
09/08/2016 01:00:00,94.905,60.17,63.995,105.31,98.7792875
09/08/2016 09:00:00,137.851,60.89,67.01,146.98625,148.53005
09/08/2016 17:00:00,197.215,65.615,75.9875,225.3525,210.199775
09/09/2016 01:00:00,100.965,59.9,68,126.6025,101.269125
09/09/2016 09:00:00,145.1605,50.855,63.05,131.74375,139.560775
09/09/2016 17:00:00,192.735,51.485,71.735,196.9375,197.1834
09/10/2016 01:00:00,112.6075,48.4925,58.64,106.35375,98.6126375
09/10/2016 09:00:00,71.6785,49.7525,57.6275,75.70625,79.6424375
09/10/2016 17:00:00,68.904,52.97,66.8975,67.96125,62.536375
09/11/2016 01:00:00,58.853,56.21,59.6075,63.965,63.50435
09/11/2016 09:00:00,56.3315,46.2425,55.3775,64.775,65.0326375
09/11/2016 17:00:00,62.8885,44.645,66.6275,65.2475,65.6640125
09/12/2016 01:00:00,66.664,47.48,54.275,58.99125,69.8511625
09/12/2016 09:00:00,125.945,43.9925,52.9925,138.2025,140.8216875
09/12/2016 17:00:00,192.703,46.7375,65.3675,185.46,188.390875
09/13/2016 01:00:00,101.319,48.1325,54.365,96.345,101.539875
09/13/2016 09:00:00,130.4535,50.6075,57.605,128.67375,129.4624
09/13/2016 17:00:00,182.4755,52.9025,67.28,182.4575,185.1254125
09/14/2016 01:00:00,97.11,52.34,57.7625,101.2,101.798875
09/14/2016 09:00:00,126.7,46.7375,57.38,131.04375,131.0972
09/14/2016 17:00:00,189.375,45.275,68.81,187.56625,182.9302
09/15/2016 01:00:00,105.7615,47.12,55.6475,100.93,106.253325
09/15/2016 09:00:00,137.8055,46.3775,57.11,135.78875,131.680575
09/15/2016 17:00:00,191.691,45.995,73.4675,194.75,183.1884125
09/16/2016 01:00:00,112.0035,44.4875,59.99,114.7175,119.19415
09/16/2016 09:00:00,124.401,36.2525,51.8675,127.7325,129.378175
09/16/2016 17:00:00,178.882,34.9925,58.3925,163.625,168.7378375
09/17/2016 01:00:00,87.992,38.48,47.75,84.015,79.5484375
09/17/2016 09:00:00,87.3005,44.51,50.495,83.9525,77.932275
09/17/2016 17:00:00,74.808,53.375,68.27,71.72625,64.291425
09/18/2016 01:00:00,62.987,56.0075,60.755,66.25375,64.46315
09/18/2016 09:00:00,54.8585,65.705,70.0025,64.365,63.047575
09/18/2016 17:00:00,56.7135,68.9225,72.3875,52.12125,58.6365375
09/19/2016 01:00:00,55.9895,66.8525,67.7525,56.94625,58.1405125
09/19/2016 09:00:00,176.629,56.2325,66.02,172.96625,155.0592375
09/19/2016 17:00:00,200.6745,43.745,69.1475,185.41125,184.493625
09/20/2016 01:00:00,97.9025,39.335,51.485,96.90875,102.0219125
09/20/2016 09:00:00,132.6335,40.01,50.9675,130.34875,123.6654625
09/20/2016 17:00:00,194.0915,45.3875,65.345,180.42875,175.2539375
09/21/2016 01:00:00,104.4165,47.75,54.9725,96.22625,96.82635
09/21/2016 09:00:00,133.267,49.865,56.6375,130.70625,129.0983625
09/21/2016 17:00:00,184.341,51.665,66.7625,180.2175,183.3183375
09/22/2016 01:00:00,98.94,52.52,56.7275,96.78375,99.5275625
09/22/2016 09:00:00,108.552,50.9225,56.3675,119.73125,124.417775
09/22/2016 17:00:00,173.1225,54.8825,59.9,141.12875,153.9220875
09/23/2016 01:00:00,112.186,54.77,58.325,81.6875,79.487275
09/23/2016 09:00:00,129.669,48.9875,60.215,137.95,155.318925
09/23/2016 17:00:00,194.3175,44.645,72.7025,194.14625,195.6224375
09/24/2016 01:00:00,112.5095,52.385,57.605,100.0775,103.9463125
09/24/2016 09:00:00,100.362,53.2625,63.365,80.195,80.297425
09/24/2016 17:00:00,70.135,54.905,79.475,57.91375,67.1299875
09/25/2016 01:00:00,60.503,57.3575,64.5125,55.905,67.3888875
09/25/2016 09:00:00,52.4325,58.3925,63.995,62.31,70.1429625
09/25/2016 17:00:00,60.669,59.675,81.365,58.69875,66.6960875
09/26/2016 01:00:00,60.784,59.405,65.12,57.445,64.4614125
09/26/2016 09:00:00,160.4445,60.3725,63.1175,159.855,142.26905
09/26/2016 17:00:00,190.7565,62.645,70.2275,191.65875,184.4241125
09/27/2016 01:00:00,96.087,57.335,61.4075,104.905,87.34215
09/27/2016 09:00:00,130.097,55.49,57.9425,117.31625,130.0933625
09/27/2016 17:00:00,149.939,55.22,58.37,135.63,149.3893
09/28/2016 01:00:00,83.6875,54.905,57.02,78.16,69.25215
09/28/2016 09:00:00,103.5995,56.345,58.19,122.8,126.059775
09/28/2016 17:00:00,112.9065,56.21,58.595,136.3025,130.1092375
09/29/2016 01:00:00,74.3605,56.075,57.695,77.66,69.9396125
09/29/2016 09:00:00,104.6125,55.0175,57.02,121.45875,126.165225
09/29/2016 17:00:00,129.3885,51.125,56.3675,132.4175,130.5849
09/30/2016 01:00:00,81.098,46.49,51.26,75.67,77.35775
09/30/2016 09:00:00,116.4585,47.4575,51.62,119.83,122.5612625
09/30/2016 17:00:00,128.6555,50.405,57.9875,140.8025,149.6651625
10/01/2016 01:00:00,82.4975,52.9025,54.5,76.95875,79.0536125
10/01/2016 09:00:00,63.8205,54.5,55.76,68.92375,64.7838625
10/01/2016 17:00:00,53.2095,60.26,62.6,66.36375,67.7438875
10/02/2016 01:00:00,58.2335,56.6375,60.5975,64.01375,60.1572125
10/02/2016 09:00:00,59.4785,41.4725,49.9775,61.86,65.0981875
10/02/2016 17:00:00,65.8405,37.5125,58.8875,68.21875,64.2589
10/03/2016 01:00:00,69.0315,39.0875,46.265,63.9225,69.25465
10/03/2016 09:00:00,140.8545,39.2675,48.6725,132.0425,136.58935
10/03/2016 17:00:00,196.104,47.5025,64.49,177.89125,186.1731
10/04/2016 01:00:00,85.0865,50.8775,55.1075,93.41625,100.2883375
10/04/2016 09:00:00,144.2155,56.615,63.365,146.8575,142.947325
10/04/2016 17:00:00,196.9495,55.5125,70.8575,193.48625,199.1991625
10/05/2016 01:00:00,101.8685,61.5425,62.87,106.15125,98.4937
10/05/2016 09:00:00,143.942,58.8875,65.75,132.4475,143.1833
10/05/2016 17:00:00,195.809,48.11,70.1375,181.045,182.6781875
10/06/2016 01:00:00,107.814,45.0275,57.155,107.17875,110.5493875
10/06/2016 09:00:00,138.8885,39.8975,51.5975,127.70375,125.6312
10/06/2016 17:00:00,184.544,39.4925,63.6125,174.735,170.657575
10/07/2016 01:00:00,111.2235,41.135,52.115,93.9675,86.0252
10/07/2016 09:00:00,136.564,39.3575,50.09,127.3575,122.442275
10/07/2016 17:00:00,177.629,38.5025,60.7325,167.57625,166.7277625
10/08/2016 01:00:00,95.882,43.115,51.62,87.53625,81.683775
10/08/2016 09:00:00,72.6985,45.3875,49.865,71.435,77.5056625
10/08/2016 17:00:00,65.548,46.085,49.7525,66.1725,73.2858625
10/09/2016 01:00:00,61.3335,41.27,43.52,62.47875,68.513675
10/09/2016 09:00:00,58.4385,40.235,46.49,69.31875,69.919475
10/09/2016 17:00:00,63.5255,38.6375,58.64,71.6125,64.0998125
10/10/2016 01:00:00,67.3115,40.235,45.6125,63.38,67.5752
10/10/2016 09:00:00,84.3255,41.99,45.365,123.3,123.175975
10/10/2016 17:00:00,126.7635,51.26,63.2525,162.01125,174.0732625
10/11/2016 01:00:00,81.089,56.0075,61.2725,95.70375,94.8183625
10/11/2016 09:00:00,137.933,61.295,65.525,148.3625,147.2523875
10/11/2016 17:00:00,198.089,60.5525,72.6125,206.32625,203.373775
10/12/2016 01:00:00,103.3745,62.51,65.2325,110.675,97.13935
10/12/2016 09:00:00,146.7515,64.5125,68.72,149.325,157.64425
10/12/2016 17:00:00,199.262,65.615,74.2775,212.42375,204.4357375
10/13/2016 01:00:00,98.211,66.245,68.945,116.0925,93.5809125
10/13/2016 09:00:00,132.6315,66.74,69.0575,138.76625,156.1142875
10/13/2016 17:00:00,151.3585,65.075,67.8875,174.78625,149.7991125
10/14/2016 01:00:00,85.589,60.305,62.015,81.98375,64.330975
10/14/2016 09:00:00,135.3585,57.47,61.0025,129.335,138.72785
10/14/2016 17:00:00,187.0325,53.24,68.5175,179.67,188.1760375
10/15/2016 01:00:00,79.374,56.2325,58.46,94.19125,93.503975
10/15/2016 09:00:00,81.9805,58.455,58.815,66.965,75.4009875
10/15/2016 17:00:00,95.4745,56.66,65.8625,71.14875,67.4919
10/16/2016 01:00:00,62.141,48.7625,54.6125,66.68875,63.445
10/16/2016 09:00:00,64.587,39.875,52.2725,67.335,66.4812
10/16/2016 17:00:00,67.9975,32.135,52.115,69.87,68.033725
10/17/2016 01:00:00,70.0525,27.635,41.63,73.81625,74.207725
10/17/2016 09:00:00,121.9275,29.0975,39.245,119.65875,127.201775
10/17/2016 17:00:00,139.1345,35.4425,53.3525,146.49625,164.6994875
10/18/2016 01:00:00,96.1965,41,45.905,79.54125,82.5056875
10/18/2016 09:00:00,121.9815,50.2475,51.755,120.6,126.3451625
10/18/2016 17:00:00,170.645,55.985,60.98,144.865,155.1077
10/19/2016 01:00:00,84.1975,53.645,55.8725,79.65875,70.9209375
10/19/2016 09:00:00,112.583,51.26,53.645,117.76375,123.11625
10/19/2016 17:00:00,128.2035,50,53.5325,131.525,128.6185375
10/20/2016 01:00:00,77.926,49.7525,52.61,75.47875,74.844775
10/20/2016 09:00:00,111.0845,48.47,52.52,118.76,121.8891625
10/20/2016 17:00:00,130.8835,51.4175,55.3775,133.5275,131.89695
10/21/2016 01:00:00,81.34,48.4925,51.395,75.26375,75.911075
10/21/2016 09:00:00,116.378,46.85,51.0575,117.80875,120.9663125
10/21/2016 17:00:00,143.393,43.385,53.24,132.41125,138.4414125
10/22/2016 01:00:00,93.726,41.405,49.505,77.06875,79.9088875
10/22/2016 09:00:00,79.8295,40.7525,48.6275,78.09375,71.6236375
10/22/2016 17:00:00,81.3345,41.6075,62.33,70.7625,64.6692
10/23/2016 01:00:00,76.446,46.6025,56.5925,73.34875,67.9090625
10/23/2016 09:00:00,70.121,39.4925,53.7575,71.00875,66.059275
10/23/2016 17:00:00,63.0835,37.6475,55.1075,69.4025,63.1305375
10/24/2016 01:00:00,68.123,37.9625,47.3225,68.73125,69.8691875
10/24/2016 09:00:00,120.346,39.2,50.585,131.4175,140.7335625
10/24/2016 17:00:00,147.678,38.21,60.485,167.47875,173.0976
10/25/2016 01:00:00,93.433,38.7275,45.275,84.0025,86.452575
10/25/2016 09:00:00,120.69,44.24,48.65,125.6975,121.948075
10/25/2016 17:00:00,182.926,56.2775,65.9075,175.5075,180.235125
10/26/2016 01:00:00,87.0565,56.8625,57.7175,91.89125,95.94665
10/26/2016 09:00:00,137.2495,59.495,62.8925,137.1275,141.7536
10/26/2016 17:00:00,196.661,54.365,69.395,183.995,193.4895375
10/27/2016 01:00:00,90.923,44.375,53.6,89.635,93.592475
10/27/2016 09:00:00,125.5065,38.8625,48.155,121.845,120.3879375
10/27/2016 17:00:00,169.6995,35.0375,56.5025,154.7675,159.1784375
10/28/2016 01:00:00,96.0305,36.23,44.3975,82.9025,79.7402625
10/28/2016 09:00:00,113.2345,39.11,46.2875,120.19625,120.6747125
10/28/2016 17:00:00,144.6515,39.56,52.3625,137.1025,144.3223875
10/29/2016 01:00:00,100.972,37.1075,48.4925,79.3,79.32535
10/29/2016 09:00:00,88.3285,36.725,44.915,74.89125,77.121
10/29/2016 17:00:00,67.906,42.1475,44.8925,68.52,73.9583125
10/30/2016 01:00:00,71.32075,35.645,40.595,67.68125,72.029875
10/30/2016 09:00:00,68.8125,32.675,38.9975,68.455,72.3984125
10/30/2016 17:00:00,72.799,25.115,40.2575,71.27,77.784675
10/31/2016 01:00:00,79.4465,15.2825,38.39,77.20125,78.2785375
10/31/2016 09:00:00,126.064,16.745,38.615,122.545,126.787775
10/31/2016 17:00:00,146.9575,20.885,50.0225,142.295,151.40435
11/01/2016 01:00:00,107.6375,28.625,42.2375,82.29,80.1085375
11/01/2016 09:00:00,144.8195,28.76,50.405,135.54,130.29995
11/01/2016 17:00:00,189.0185,34.025,58.8875,171.64,170.1240125
11/02/2016 01:00:00,109.14,46.3775,53.1725,93.30125,80.9141375
11/02/2016 09:00:00,156.3275,47.255,58.4825,129.99375,129.938825
11/02/2016 17:00:00,188.544,38.75,62.465,171.49,169.599325
11/03/2016 01:00:00,109.113,35.51,49.73,93.17125,84.8409125
11/03/2016 09:00:00,125.2115,43.3625,48.3125,116.0725,119.601775
11/03/2016 17:00:00,130.9065,48.0875,49.325,128.83625,138.83305
11/04/2016 01:00:00,68.8345,47.6375,48.8075,73.4575,77.6648625
11/04/2016 09:00:00,115.2205,40.3925,47.0975,117.49125,121.318325
11/04/2016 17:00:00,134.3025,30.785,47.0075,130.84625,143.0422375
11/05/2016 01:00:00,83.1905,28.1075,37.625,76.56375,79.2672
11/05/2016 09:00:00,73.2925,23.27,36.2525,76.69875,74.5165
11/05/2016 17:00:00,67.0365,26.0825,44.7125,74.6875,75.30885
11/06/2016 01:00:00,68.8955,32.1125,38.0975,69.47,73.6723875
11/06/2016 08:00:00,63.5725,36.3875,46.5125,72.01,72.4404375
11/06/2016 16:00:00,64.6905,34.5425,52.7225,73.94375,67.695025
11/07/2016 00:00:00,70.5415,33.2825,38.9075,67.29875,71.23915
11/07/2016 08:00:00,133.9575,32.225,41.1125,122.6,127.081475
11/07/2016 16:00:00,171.9185,36.005,53.645,148.4675,164.4599125
11/08/2016 00:00:00,94.6295,35.0375,40.2575,79.6325,81.9393625
11/08/2016 08:00:00,105.098,39.38,43.385,117.8675,118.6166375
11/08/2016 16:00:00,152.168,53.51,58.2575,140.78125,158.2277125
11/09/2016 00:00:00,99.7165,52.745,53.7575,75.6925,74.879025
11/09/2016 08:00:00,133.975,52.1375,52.9925,117.08375,121.2748375
11/09/2016 16:00:00,182.697,51.8675,59.4275,137.48125,134.77965
11/10/2016 00:00:00,95.9365,30.245,45.4775,81.1525,78.5180125
11/10/2016 08:00:00,120.1825,26.3975,40.7525,119.64375,120.10975
11/10/2016 16:00:00,139.7745,29.255,48.605,138.955,148.2537875
11/11/2016 00:00:00,107.248,32.225,39.38,78.51,79.1194
11/11/2016 08:00:00,116.7065,31.8875,36.275,115.11125,121.24915
11/11/2016 16:00:00,136.52,21.1325,39.2675,126.4675,139.84105
11/12/2016 00:00:00,115.296,20.5025,32.2475,76.8675,79.8689375
11/12/2016 08:00:00,85.5765,18.7475,31.01,76.3,70.6761125
11/12/2016 16:00:00,94.356,15.53,37.13,76.2275,73.1436
11/13/2016 00:00:00,89.57,15.53,28.085,72.34375,74.6402625
11/13/2016 08:00:00,85.5125,20.39,29.7275,69.8525,70.7654
11/13/2016 16:00:00,68.4725,27.725,40.37,71.75,76.8575125
11/14/2016 00:00:00,70.302,32.6075,39.0875,70.65625,76.340675
11/14/2016 08:00:00,126.2995,37.3775,38.5925,113.21125,115.1271
11/14/2016 16:00:00,129.042,44.87,45.6125,127.7675,122.0175
11/15/2016 00:00:00,83.688,47.5025,52.2275,78.03875,74.8716125
11/15/2016 08:00:00,130.942,27.86,40.73,116.83,126.571675
11/15/2016 16:00:00,152.7635,11.255,34.475,128.63375,145.3992
11/16/2016 00:00:00,73.9115,4.46,25.4075,82.125,85.895275
11/16/2016 08:00:00,0,5.3825,24.7325,114.69625,118.6696875
11/16/2016 16:00:00,0,9.7925,32.4275,127.69625,139.671675
11/17/2016 00:00:00,23.1985,17.51,30.4925,80.04875,79.77435
11/17/2016 08:00:00,129.7485,22.2575,35.285,117.46375,120.5020875
11/17/2016 16:00:00,142.221,21.875,44.8475,135.6225,146.7108375
11/18/2016 00:00:00,96.165,17.7575,32.36,81.08125,81.2703125
11/18/2016 08:00:00,121.972,10.175,29.0075,115.43625,118.80725
11/18/2016 16:00:00,153.342,8.9825,33.1025,127.9775,140.1504125
11/19/2016 00:00:00,112.9825,8.8925,24.7775,78.4,78.9117875
11/19/2016 08:00:00,82.504,12.4925,26.24,76.605,71.0916
11/19/2016 16:00:00,86.6765,19.4,40.6175,76.05875,73.1187
11/20/2016 00:00:00,82.667,24.53,43.0025,75.0025,75.5153125
11/20/2016 08:00:00,66.203,28.355,45.2525,74.1125,76.8827125
11/20/2016 16:00:00,66.978,32.765,52.115,74.79375,67.1882875
11/21/2016 00:00:00,50.149,36.365,41,67.9375,70.1125875
11/21/2016 08:00:00,0,53.9825,55.355,120.6,119.8982
11/21/2016 16:00:00,0,60.035,62.915,147.6475,132.8340875
11/22/2016 00:00:00,18.6435,55.6025,59.4725,82.2625,69.8845875
11/22/2016 08:00:00,113.318,52.115,58.145,125.17125,137.0726125
11/22/2016 16:00:00,137.8825,30.245,55.8725,148.80875,163.687875
11/23/2016 00:00:00,82.7905,29.975,46.895,86.69375,84.93765
11/23/2016 08:00:00,112.6375,31.5275,43.88,118.8875,122.7171625
11/23/2016 16:00:00,119.075,33.935,35.51,128.33625,139.3076625
11/24/2016 00:00:00,69.761,32.09,34.6325,75.815,78.6608
11/24/2016 08:00:00,85.621,30.47,35.015,113.85,120.3737125
11/24/2016 16:00:00,98.427,30.0875,37.4675,127.9075,139.3570625
11/25/2016 00:00:00,91.5805,28.265,31.46,75.3175,79.9704625
11/25/2016 08:00:00,83.4165,24.3725,31.82,114.17875,120.1212
11/25/2016 16:00:00,121.048,17.915,34.0025,126.6,139.5657
11/26/2016 00:00:00,94.9645,14.54,25.52,76.595,79.4282125
11/26/2016 08:00:00,89.7545,15.5525,25.0025,74.6025,70.731925
11/26/2016 16:00:00,68.669,15.6425,33.62,75.17,73.2788
11/27/2016 00:00:00,90.3345,23,32.8775,71.59625,74.559
11/27/2016 08:00:00,94.268,35.735,45.0275,71.99125,76.7888
11/27/2016 16:00:00,66.817,39.785,54.365,72.375,68.5752875
11/28/2016 00:00:00,70.405,42.035,52.115,69.105,71.038475
11/28/2016 08:00:00,129.9385,44.5325,55.7825,140.65875,145.4866
11/28/2016 16:00:00,153.6745,43.3625,59.495,170.87,181.9827875
11/29/2016 00:00:00,92.9805,28.04,42.7325,88.0125,81.3795875
11/29/2016 08:00:00,146.047,20.255,35.8925,116.6075,118.8641125
11/29/2016 16:00:00,142.5445,26.285,37.76,128.0975,140.7187375
11/30/2016 00:00:00,106.58,34.25,36.14,73.9175,78.989325
11/30/2016 08:00:00,127.4,40.775,42.4625,114.5425,122.0410375
11/30/2016 16:00:00,130.5335,47.0975,50.27,129.17125,139.6472375
12/01/2016 00:00:00,102.7905,32.63,42.5975,78.4525,77.6858
12/01/2016 08:00:00,158.276,22.73,34.8575,116.24125,119.109875
12/01/2016 16:00:00,159.3495,18.5,41.0225,130.295,143.669525
12/02/2016 00:00:00,125.339,18.7925,30.38,79.23125,80.4274625
12/02/2016 08:00:00,119.6275,15.62,29.5025,114.79,118.8430375
12/02/2016 16:00:00,144.4485,28.085,42.0125,129.1125,140.580625
12/03/2016 00:00:00,113.9665,36.365,39.605,73.02375,79.4842875
12/03/2016 08:00:00,84.9815,40.235,41.63,70.73875,75.70445
12/03/2016 16:00:00,62.222,43.8575,45.725,67.03,73.7574875
12/04/2016 00:00:00,87.009,36.86,39.4925,65.3775,70.801325
12/04/2016 08:00:00,93.6595,25.4975,34.745,69.19375,72.74045
12/04/2016 16:00:00,85.931,11.8625,34.25,73.60375,79.107
12/05/2016 00:00:00,69.4275,3.965,22.7075,76.0775,71.6079875
12/05/2016 08:00:00,119.822,11.1425,22.2575,112.745,120.86955
12/05/2016 16:00:00,136.935,17.8925,26.285,127.9075,139.0085125
12/06/2016 00:00:00,74.56,24.5975,27.86,76.03875,79.456675
12/06/2016 08:00:00,127.3985,36.8825,38.3,113.6625,121.18685
12/06/2016 16:00:00,143.4515,46.1525,47.975,128.21875,137.2099375
12/07/2016 00:00:00,88.293,42.26,43.7225,73.1,77.9459625
12/07/2016 08:00:00,123.1905,38.7275,40.19,113.23,120.5802
12/07/2016 16:00:00,135.942,40.235,41.9,127.2725,136.90115
12/08/2016 00:00:00,93.739,36.14,37.625,73.9,78.4443375
12/08/2016 08:00:00,126.8765,28.8725,33.4175,113.48,119.6026375
12/08/2016 16:00:00,134.9585,26.915,34.655,126.41,138.9929
12/09/2016 00:00:00,89.149,24.8,30.335,76.465,79.6477125
12/09/2016 08:00:00,134.3205,24.035,30.9875,114.2775,120.360625
12/09/2016 16:00:00,152.319,25.385,35.9825,127.11125,139.663425
12/10/2016 00:00:00,95.5885,24.4175,32.405,76.0275,79.303575
12/10/2016 08:00:00,84.097,24.035,33.35,75.59,72.77095
12/10/2016 16:00:00,87.4085,24.98,39.4925,74.5025,78.569
12/11/2016 00:00:00,88.7155,24.4175,32.765,70.59,77.56915
12/11/2016 08:00:00,78.55,26.0375,35.015,70.17625,75.1310375
12/11/2016 16:00:00,76.7305,28.3775,43.1375,72.7375,74.472475
12/12/2016 00:00:00,73.23,27.2525,32.6075,69.34375,76.16
12/12/2016 08:00:00,116.5455,27.095,32.1125,115.165,117.0728375
12/12/2016 16:00:00,143.5865,28.6025,40.1225,128.57125,131.4786125
12/13/2016 00:00:00,102.405,26.87,29.7275,74.495,72.0101125
12/13/2016 08:00:00,130.762,30.9875,35.51,113.89875,120.9802375
12/13/2016 16:00:00,137.2425,34.88,41,126.97375,124.3166625
12/14/2016 00:00:00,88.623,38.705,42.17,75.2075,81.999225
12/14/2016 08:00:00,117.794,40.595,42.6425,114.14125,115.942225
12/14/2016 16:00:00,138.977,39.4925,48.9875,128.555,127.3729625
12/15/2016 00:00:00,90.668,30.9875,41,78.505,81.9871875
12/15/2016 08:00:00,137.4295,28.49,39.155,116.5175,124.1792875
12/15/2016 16:00:00,146.6305,26.6225,40.3925,128.36625,134.8841875
12/16/2016 00:00:00,105.1755,25.925,35.3975,78.4375,74.862275
12/16/2016 08:00:00,132.325,23.63,35.015,115.065,119.125975
12/16/2016 16:00:00,149.2275,21.5825,34.9925,126.92,140.2294625
12/17/2016 00:00:00,82.649,19.94,29.3675,76.19375,78.68865
12/17/2016 08:00:00,84.5195,21.245,30.2675,75.3375,70.757475
12/17/2016 16:00:00,84.5155,24.935,34.385,72.45125,75.8766875
12/18/2016 00:00:00,82.155,29.5925,31.46,64.9675,73.7646125
12/18/2016 08:00:00,72.743,30.5825,32.54,63.5875,72.6832
12/18/2016 16:00:00,70.019,30.47,33.53,63.61125,75.7772
12/19/2016 00:00:00,81.3185,28.985,33.98,68.74125,76.4662375
12/19/2016 08:00:00,129.85,30.8525,36.005,114.1225,116.207175
12/19/2016 16:00:00,131.3375,37.85,42.3725,127.8,124.357425
12/20/2016 00:00:00,84.0145,37.3775,40.055,74.8675,82.4045875
12/20/2016 08:00:00,121.5605,40.865,42.6425,113.725,115.382875
12/20/2016 16:00:00,120.776,44.96,46.6025,127.92,122.3844625
12/21/2016 00:00:00,67.2415,44.3525,45.7475,73.66625,78.6029
12/21/2016 08:00:00,96.821,42.1475,43.385,113.38625,115.1490375
12/21/2016 16:00:00,84.788,47.12,47.975,128.08375,122.048975
12/22/2016 00:00:00,60.8,56.615,58.2575,79.4275,70.8459125
12/22/2016 08:00:00,58.4925,56.4875,58.8875,123.67375,128.149625
12/22/2016 16:00:00,68.083,30.7625,50.1125,130.5625,149.189
12/23/2016 00:00:00,72.2845,28.49,41.495,80.0725,80.8661
12/23/2016 08:00:00,112.5635,29.345,39.38,116.91375,118.32425
12/23/2016 16:00:00,130.9625,29.48,45.7025,133.7425,145.1289875
12/24/2016 00:00:00,81.737,27.86,34.385,75.755,80.1863625
12/24/2016 08:00:00,70.0975,28.355,38.9975,76.415,76.3003875
12/24/2016 16:00:00,69.6495,32.945,49.5275,74.42125,72.3117875
12/25/2016 00:00:00,73.418,32.9,40.01,70.30875,72.5691625
12/25/2016 08:00:00,64.063,40.2125,45.41,68.645,71.460525
12/25/2016 16:00:00,64.75,38.12,48.4925,70.41375,73.8199375
12/26/2016 00:00:00,70.209,26.1275,39.7625,73.7225,77.96295
12/26/2016 08:00:00,119.0565,22.37,34.6325,116.61375,121.430375
12/26/2016 16:00:00,136.419,19.1075,40.0325,128.39,142.092175
12/27/2016 00:00:00,89.24,14,30.9875,80.765,85.3357
12/27/2016 08:00:00,133.1495,9.14,25.0475,113.8425,118.172875
12/27/2016 16:00:00,150.515,-0.4675,28.5125,126.3575,136.129
12/28/2016 00:00:00,98.6855,3.9875,20.975,80.69,78.41905
12/28/2016 08:00:00,126.172,7.2725,21.1325,113.625,119.1273
12/28/2016 16:00:00,119.6765,4.7525,27.725,127.02375,137.5114125
12/29/2016 00:00:00,75.849,8.15,20.4575,79.81625,79.7118625
12/29/2016 08:00:00,66.8705,4.325,25.295,114.535,118.1598125
12/29/2016 16:00:00,80.5535,9.3875,31.73,127.3225,139.0379875
12/30/2016 00:00:00,87.5475,16.16,34.1375,81.1675,79.3659125
12/30/2016 08:00:00,126.1225,16.2725,33.4175,117.12,119.8802625
12/30/2016 16:00:00,132.866,17.7125,37.2425,129.4125,142.2096
12/31/2016 00:00:00,97.053,15.08,29.12,78.11625,79.8537125
12/31/2016 08:00:00,90.2035,11.0975,26.645,77.31,71.48445
12/31/2016 16:00:00,88.3335,18.9725,30.74,71.6525,72.217725
01/01/2017 00:00:00,80.405,32.0225,33.2825,64.315,77.3696
01/01/2017 08:00:00,64.0675,34.1375,34.9025,62.47625,72.9025125
01/01/2017 16:00:00,66.3035,47.3,49.3925,64.83125,73.3792875
01/02/2017 00:00:00,63.5055,43.9025,49.775,64.55125,70.215725
01/02/2017 08:00:00,126.8455,24.9575,38.615,118.94,125.976525
01/02/2017 16:00:00,155.799,1.1075,30.245,126.77625,140.801225
01/03/2017 00:00:00,84.312,-0.985,17.735,81.4475,85.6555375
01/03/2017 08:00:00,121.6135,1.1525,16.025,112.3975,119.0958625
01/03/2017 16:00:00,154.133,10.1525,17.2625,129.74875,138.569275
01/04/2017 00:00:00,104.936,10.5125,14.5175,78.63625,80.8004375
01/04/2017 08:00:00,135.3515,9.7475,17.015,114.23,121.752575
01/04/2017 16:00:00,162.4565,0.1175,20.7725,128.355,134.9126625
01/05/2017 00:00:00,109.3895,-14.89,5.36,83.89625,81.317675
01/05/2017 08:00:00,133.428,-13.63,3.3575,112.54,116.8275125
01/05/2017 16:00:00,160.97,-3.145,17.96,128.94625,135.119225
01/06/2017 00:00:00,83.845,8.2175,19.13,81.2125,78.2851125
01/06/2017 08:00:00,129.0485,17.4875,26.7575,112.3675,118.6084875
01/06/2017 16:00:00,129.1825,11.6375,25.97,126.23,137.8207625
01/07/2017 00:00:00,102.4135,7.655,16.7675,76.06625,78.9177625
01/07/2017 08:00:00,72.2155,5,14.855,74.06,71.7402125
01/07/2017 16:00:00,68.463,0.365,20.6375,75.255,74.90865
01/08/2017 00:00:00,100.1765,-1.48,13.37,72.46,75.541825
01/08/2017 08:00:00,95.0345,0.6125,16.0025,70.61875,71.9903125
01/08/2017 16:00:00,96.0275,10.13,28.3775,72.0425,73.0799625
01/09/2017 00:00:00,98.0785,22.3925,33.755,73.33625,74.7618875
01/09/2017 08:00:00,139.7535,23.9675,36.275,115.79,119.1632125
01/09/2017 16:00:00,139.013,34.88,36.59,127.71625,138.4513125
01/10/2017 00:00:00,73.9575,30.515,36.0275,77.51,78.9577125
01/10/2017 08:00:00,147.877,11.12,26.0375,114.05125,118.6889625
01/10/2017 16:00:00,168.21,3.245,23.495,128.1325,136.9924375
01/11/2017 00:00:00,104.0005,-0.1075,16.2725,82.095,80.3223625
01/11/2017 08:00:00,148.7525,4.4825,18.635,112.4175,118.8795375
01/11/2017 16:00:00,158.9015,15.395,24.5525,128.35625,139.0053125
01/12/2017 00:00:00,112.083,19.85,25.2725,78.085,80.1815
01/12/2017 08:00:00,118.9205,20.255,27.0275,112.9425,120.4725
01/12/2017 16:00:00,155.652,25.3625,29.75,127.87125,139.518625
01/13/2017 00:00:00,104.557,14.585,25.025,80.0475,80.8111875
01/13/2017 08:00:00,146.343,15.53,27.86,113.98,119.448975
01/13/2017 16:00:00,166.2795,10.4,33.35,127.17625,139.6104375
01/14/2017 00:00:00,83.5935,-4.63,17.6225,79.76125,80.4649875
01/14/2017 08:00:00,77.9655,-7.015,13.235,77.56875,73.323425
01/14/2017 16:00:00,94.201,-1.5925,22.235,75.83125,73.7171125
01/15/2017 00:00:00,99.7565,11.6375,20.615,70.10875,74.5452625
01/15/2017 08:00:00,67.991,25.7675,30.7625,67.0925,72.957675
01/15/2017 16:00:00,59.7235,43.79,49.3475,68.85875,77.743775
01/16/2017 00:00:00,70.005,40.6625,44.375,66.45875,71.566375
01/16/2017 08:00:00,108.592,31.1,37.8725,115.1625,118.1967875
01/16/2017 16:00:00,100.792,24.485,40.1,127.85875,131.1149625
01/17/2017 00:00:00,98.184,20.8625,32.1125,78.96,75.6469375
01/17/2017 08:00:00,118.0505,16.9025,30.9875,114.8175,118.5393875
01/17/2017 16:00:00,138.498,14.405,35.4875,127.6275,140.69475
01/18/2017 00:00:00,87.801,6.1475,28.625,82.00125,80.5050625
01/18/2017 08:00:00,138.386,6.3725,24.3725,114.5325,118.738775
01/18/2017 16:00:00,156.833,9.545,32.405,127.34875,139.1943
01/19/2017 00:00:00,102.3245,22.8875,30.74,77.41125,78.8285875
01/19/2017 08:00:00,135.0245,24.26,31.145,114.165,121.4481375
01/19/2017 16:00:00,143.1135,22.865,36.9725,126.79625,139.2483125
01/20/2017 00:00:00,86.318,19.3325,29.7725,78.53375,80.1521
01/20/2017 08:00:00,119.8965,11.5925,26.285,114.465,118.4929625
01/20/2017 16:00:00,146.679,17.87,34.385,127.26875,139.9647625
01/21/2017 00:00:00,83.0345,24.485,32.585,76.125,79.46865
01/21/2017 08:00:00,70.4045,30.6725,32.5175,71.15,76.170475
01/21/2017 16:00:00,67.339,31.0775,33.305,67.8,76.61915
01/22/2017 00:00:00,63.529,27.6125,32.63,67.455,75.3235125
01/22/2017 08:00:00,70.5425,25.2725,32.8775,68.93375,74.6918
01/22/2017 16:00:00,66.3315,12.7625,33.1475,73.12625,79.3542
01/23/2017 00:00:00,75.7155,6.5075,23.1125,75.4,74.05035
01/23/2017 08:00:00,133.048,4.4825,17.015,112.6625,118.9375375
01/23/2017 16:00:00,121.7,21.1775,25.0025,128.66125,139.1572625
01/24/2017 00:00:00,73.444,19.4,23.0225,76.98875,80.1889625
01/24/2017 08:00:00,75.3185,12.695,16.925,113.20375,120.88985
01/24/2017 16:00:00,80.3235,11.9975,18.725,130.1325,138.6426625
01/25/2017 00:00:00,80.6065,7.0925,15.1475,80.98375,81.7020375
01/25/2017 08:00:00,119.7285,2.48,14.585,113.0675,119.8947125
01/25/2017 16:00:00,134.9515,6.9125,23.135,127.43625,136.7036625
01/26/2017 00:00:00,89.8465,2.1425,15.5075,80.50875,80.036375
01/26/2017 08:00:00,114.852,0.14,10.5125,114.80625,120.8087
01/26/2017 16:00:00,138.121,13.01,29.2325,127.93875,138.199075
01/27/2017 00:00:00,90.036,22.145,28.49,77.32625,79.4604375
01/27/2017 08:00:00,120.335,30.3575,32.135,112.31375,121.4322875
01/27/2017 16:00:00,146.9385,27.005,33.26,126.66375,138.651275
01/28/2017 00:00:00,89.5285,8.1275,21.74,78.04125,80.4692125
01/28/2017 08:00:00,74.0955,-2.74,14.135,76.75125,73.0509125
01/28/2017 16:00:00,91.032,-4.8775,20.4575,76.4225,74.8919375
01/29/2017 00:00:00,69.93,-3.8425,14.5175,73.75625,75.774175
01/29/2017 08:00:00,73.7005,7.16,17.735,69.07125,70.8545625
01/29/2017 16:00:00,79.812,11.345,30.605,72.65375,74.103375
01/30/2017 00:00:00,81.3985,7.0925,21.38,74.025,75.3672625
01/30/2017 08:00:00,117.329,17.375,20.66,113.255,120.9274125
01/30/2017 16:00:00,134.9935,16.655,20.8625,131.15,140.3063125
01/31/2017 00:00:00,95.373,6.1475,14.5175,82.6925,82.3315125
01/31/2017 08:00:00,124.2055,-3.1225,10.5125,113.8575,119.936075
01/31/2017 16:00:00,151.0765,-0.7825,20.5025,128.66,135.5571625
02/01/2017 00:00:00,85.8645,3.9425,11.525,78.93125,79.6793625