BOS201804050,TBA,1,0,0,3,2,BCSFBBX,0,0,duffm002,R,duffm002,R,pricd001,L,pricd001,L,vazqc001,ramih003,nunee002,dever001,bogax001,benia002,bradj001,bettm001,,,,43/G,T,F,5,1,2,T,T,0,F,F,1,F,F,0,F,F,4,G,F,F,,0,0,N,0,N,0,N,0,0,0,0,43,,,,F,F,F,F,F,F,F,F,F,,,,T,F,F,F,F,,,,,0,3,0,0,4,0,0,0,0,1
BOS201804050,TBA,1,0,1,0,0,X,0,0,kierk001,L,kierk001,L,pricd001,L,pricd001,L,vazqc001,ramih003,nunee002,dever001,bogax001,benia002,bradj001,bettm001,,,,9/F,F,F,8,2,2,T,T,0,F,F,1,F,F,0,F,F,9,F,F,F,,0,0,N,0,N,0,N,0,0,0,0,9,,,,F,F,F,F,F,F,F,F,F,,,,F,F,F,F,F,,,,,0,9,0,0,0,0,0,0,0,2
BOS201804050,TBA,1,0,2,2,2,BSBFFC,0,0,gomec002,R,gomec002,R,pricd001,L,pricd001,L,vazqc001,ramih003,nunee002,dever001,bogax001,benia002,bradj001,bettm001,,,,K,F,F,9,3,3,T,T,0,F,F,1,F,F,0,F,F,0,,F,F,,0,0,N,0,N,0,N,0,0,0,0,2,,,,F,F,F,F,F,F,F,F,F,,,,F,F,F,F,F,,,,,0,2,0,0,0,0,0,0,0,3
BOS201804050,TBA,1,1,0,2,1,CBBX,0,0,bettm001,R,bettm001,R,chiry001,R,chiry001,R,ramow001,millb002,robed004,duffm002,hecha001,refsr001,kierk001,gomec002,,,,1/P-,T,F,9,1,2,T,T,0,F,F,1,F,F,0,F,F,1,P,F,F,,0,0,N,0,N,0,N,0,0,0,0,1,,,,F,F,F,F,F,F,F,F,F,,,,F,F,F,F,F,,,,,0,1,0,0,0,0,0,0,0,4
BOS201804050,TBA,1,1,1,0,1,CX,0,0,benia002,L,benia002,L,chiry001,R,chiry001,R,ramow001,millb002,robed004,duffm002,hecha001,refsr001,kierk001,gomec002,,,,S7/L,F,F,7,2,20,T,T,1,F,F,0,F,F,0,F,F,7,L,F,F,,0,0,N,0,N,0,N,1,0,0,0,,,,,F,F,F,F,F,F,F,F,F,,,,F,F,F,F,F,,,,,0,0,0,0,0,0,0,0,0,5
BOS201804050,TBA,1,1,1,2,2,FBBCS,0,0,ramih003,R,ramih003,R,chiry001,R,chiry001,R,ramow001,millb002,robed004,duffm002,hecha001,refsr001,kierk001,gomec002,benia002,,,K+OA/NDP.1X2(24),F,F,3,3,3,T,T,0,F,F,2,F,F,0,F,F,0,,F,F,,0,0,N,0,N,0,N,0,0,0,0,2,24,,,F,F,F,F,F,F,F,F,F,chiry001,,,F,F,F,F,F,,,,,0,2,4,0,2,0,0,0,0,6
BOS201804050,TBA,2,0,0,2,2,CFFBFFBS,0,0,cronc002,R,cronc002,R,pricd001,L,pricd001,L,vazqc001,ramih003,nunee002,dever001,bogax001,benia002,bradj001,bettm001,,,,K,T,F,10,4,3,T,T,0,F,F,1,F,F,0,F,F,0,,F,F,,0,0,N,0,N,0,N,0,0,0,0,2,,,,F,F,F,F,F,F,F,F,F,,,,F,F,F,F,F,,,,,0,2,0,0,0,0,0,0,0,7
BOS201804050,TBA,2,0,1,2,0,BBX,0,0,ramow001,R,ramow001,R,pricd001,L,pricd001,L,vazqc001,ramih003,nunee002,dever001,bogax001,benia002,bradj001,bettm001,,,,8/F+,F,F,2,5,2,T,T,0,F,F,1,F,F,0,F,F,8,F,F,F,,0,0,N,0,N,0,N,0,0,0,0,8,,,,F,F,F,F,F,F,F,F,F,,,,F,F,F,F,F,,,,,0,8,0,0,0,0,0,0,0,8
BOS201804050,TBA,2,0,2,0,1,FX,0,0,millb002,L,millb002,L,pricd001,L,pricd001,L,vazqc001,ramih003,nunee002,dever001,bogax001,benia002,bradj001,bettm001,,,,S9/G+,F,F,3,6,20,T,T,1,F,F,0,F,F,0,F,F,9,G,F,F,,0,0,N,0,N,0,N,1,0,0,0,,,,,F,F,F,F,F,F,F,F,F,,,,F,F,F,F,F,,,,,0,0,0,0,0,0,0,0,0,9
BOS201804050,TBA,2,0,2,1,1,BCX,0,0,hecha001,R,hecha001,R,pricd001,L,pricd001,L,vazqc001,ramih003,nunee002,dever001,bogax001,benia002,bradj001,bettm001,millb002,,,9/F,F,F,6,7,2,T,T,0,F,F,1,F,F,0,F,F,9,F,F,F,,0,0,N,0,N,0,N,0,1,0,0,9,,,,F,F,F,F,F,F,F,F,F,pricd001,,,F,F,F,F,F,,,,,0,9,0,0,0,0,0,0,0,10