NYA201804030,TBA,1,0,0,1,0,BX,0,0,duffm002,R,duffm002,R,montj004,L,montj004,L,sancg002,walkn001,wadet002,drurb001,gregd001,stanm004,gardb001,judga001,,,,6/P,T,F,5,1,2,T,T,0,F,F,1,F,F,0,F,F,6,P,F,F,,0,0,N,0,N,0,N,0,0,0,0,6,,,,F,F,F,F,F,F,F,F,F,,,,T,F,F,F,F,,,,,0,6,0,0,0,0,0,0,0,1
NYA201804030,TBA,1,0,1,0,1,SX,0,0,kierk001,L,kierk001,L,montj004,L,montj004,L,sancg002,walkn001,wadet002,drurb001,gregd001,stanm004,gardb001,judga001,,,,43/G,F,F,8,2,2,T,T,0,F,F,1,F,F,0,F,F,4,G,F,F,,0,0,N,0,N,0,N,0,0,0,0,43,,,,F,F,F,F,F,F,F,F,F,,,,F,F,F,F,F,,,,,0,3,0,0,4,0,0,0,0,2
NYA201804030,TBA,1,0,2,2,2,BCBFS,0,0,gomec002,R,gomec002,R,montj004,L,montj004,L,sancg002,walkn001,wadet002,drurb001,gregd001,stanm004,gardb001,judga001,,,,K,F,F,9,3,3,T,T,0,F,F,1,F,F,0,F,F,0,,F,F,,0,0,N,0,N,0,N,0,0,0,0,2,,,,F,F,F,F,F,F,F,F,F,,,,F,F,F,F,F,,,,,0,2,0,0,0,0,0,0,0,3
NYA201804030,TBA,1,1,0,1,1,BCX,0,0,gardb001,L,gardb001,L,archc001,R,archc001,R,sucrj001,cronc002,robed004,duffm002,hecha001,refsr001,kierk001,gomec002,,,,3/G,T,F,8,1,2,T,T,0,F,F,1,F,F,0,F,F,3,G,F,F,,0,0,N,0,N,0,N,0,0,0,0,3,,,,F,F,F,F,F,F,F,F,F,,,,F,F,F,F,F,,,,,0,3,0,0,0,0,0,0,0,4
NYA201804030,TBA,1,1,1,1,2,FBFS,0,0,judga001,R,judga001,R,archc001,R,archc001,R,sucrj001,cronc002,robed004,duffm002,hecha001,refsr001,kierk001,gomec002,,,,K,F,F,9,2,3,T,T,0,F,F,1,F,F,0,F,F,0,,F,F,,0,0,N,0,N,0,N,0,0,0,0,2,,,,F,F,F,F,F,F,F,F,F,,,,F,F,F,F,F,,,,,0,2,0,0,0,0,0,0,0,5
NYA201804030,TBA,1,1,2,2,2,BBFFFS,0,0,stanm004,R,stanm004,R,archc001,R,archc001,R,sucrj001,cronc002,robed004,duffm002,hecha001,refsr001,kierk001,gomec002,,,,K,F,F,7,3,3,T,T,0,F,F,1,F,F,0,F,F,0,,F,F,,0,0,N,0,N,0,N,0,0,0,0,2,,,,F,F,F,F,F,F,F,F,F,,,,F,F,F,F,F,,,,,0,2,0,0,0,0,0,0,0,6
NYA201804030,TBA,2,0,0,0,0,X,0,0,cronc002,R,cronc002,R,montj004,L,montj004,L,sancg002,walkn001,wadet002,drurb001,gregd001,stanm004,gardb001,judga001,,,,8/L,T,F,3,4,2,T,T,0,F,F,1,F,F,0,F,F,8,L,F,F,,0,0,N,0,N,0,N,0,0,0,0,8,,,,F,F,F,F,F,F,F,F,F,,,,F,F,F,F,F,,,,,0,8,0,0,0,0,0,0,0,7
NYA201804030,TBA,2,0,1,3,2,CBFBFBX,0,0,ramow001,R,ramow001,R,montj004,L,montj004,L,sancg002,walkn001,wadet002,drurb001,gregd001,stanm004,gardb001,judga001,,,,63/G,F,F,10,5,2,T,T,0,F,F,1,F,F,0,F,F,6,G,F,F,,0,0,N,0,N,0,N,0,0,0,0,63,,,,F,F,F,F,F,F,F,F,F,,,,F,F,F,F,F,,,,,0,3,0,0,6,0,0,0,0,8
NYA201804030,TBA,2,0,2,2,0,BBX,0,0,hecha001,R,hecha001,R,montj004,L,montj004,L,sancg002,walkn001,wadet002,drurb001,gregd001,stanm004,gardb001,judga001,,,,5/P5F,F,F,6,6,2,T,T,0,F,F,1,F,F,0,F,F,5,P,F,T,5F,0,0,N,0,N,0,N,0,0,0,0,5,,,,F,F,F,F,F,F,F,F,F,,,,F,F,F,F,F,,,,,0,5,0,0,0,0,0,0,0,9
NYA201804030,TBA,2,1,0,1,2,BFFX,0,0,gregd001,L,gregd001,L,archc001,R,archc001,R,sucrj001,cronc002,robed004,duffm002,hecha001,refsr001,kierk001,gomec002,,,,D9/L,T,F,6,4,21,T,T,2,F,F,0,F,F,0,F,F,9,L,F,F,,0,0,N,0,N,0,N,2,0,0,0,,,,,F,F,F,F,F,F,F,F,F,,,,F,F,F,F,F,,,,,0,0,0,0,0,0,0,0,0,10